2025-04-23 15:49:23,2025-4-23 18:49:23,-22.713407,-47.628654,542.900000,0.94,9
2025-04-23 15:49:24,2025-4-23 18:49:24,-22.713407,-47.628655,542.900000,0.94,9
2025-04-23 15:49:25,2025-4-23 18:49:25,-22.713407,-47.628655,543.000000,0.86,10
2025-04-23 15:49:26,2025-4-23 18:49:26,-22.713407,-47.628656,543.000000,0.86,10
2025-04-23 15:49:27,2025-4-23 18:49:27,-22.713407,-47.628656,543.000000,0.86,10
2025-04-23 15:49:28,2025-4-23 18:49:28,-22.713407,-47.628655,543.000000,0.86,10
2025-04-23 15:49:29,2025-4-23 18:49:29,-22.713407,-47.628655,543.100000,0.86,10
2025-04-23 15:49:30,2025-4-23 18:49:30,-22.713407,-47.628654,543.200000,0.86,10
2025-04-23 15:49:31,2025-4-23 18:49:31,-22.713407,-47.628654,543.200000,0.86,10
2025-04-23 15:49:32,2025-4-23 18:49:32,-22.713407,-47.628654,543.300000,0.86,10
2025-04-23 15:49:33,2025-4-23 18:49:33,-22.713408,-47.628655,543.200000,0.86,10
2025-04-23 15:49:34,2025-4-23 18:49:34,-22.713408,-47.628655,543.200000,0.86,10
2025-04-23 15:49:35,2025-4-23 18:49:35,-22.713408,-47.628655,543.200000,0.94,9
2025-04-23 15:49:36,2025-4-23 18:49:36,-22.713408,-47.628655,543.000000,0.94,9
2025-04-23 15:49:37,2025-4-23 18:49:37,-22.713409,-47.628654,542.800000,0.86,10
2025-04-23 15:49:38,2025-4-23 18:49:38,-22.713410,-47.628653,542.500000,0.86,10
2025-04-23 15:49:39,2025-4-23 18:49:39,-22.713411,-47.628652,542.300000,0.92,9
2025-04-23 15:49:40,2025-4-23 18:49:40,-22.713411,-47.628651,542.100000,0.92,9
2025-04-23 15:49:41,2025-4-23 18:49:41,-22.713412,-47.628650,541.800000,0.92,9
2025-04-23 15:49:42,2025-4-23 18:49:42,-22.713413,-47.628649,541.500000,0.86,10
2025-04-23 15:49:43,2025-4-23 18:49:43,-22.713413,-47.628648,541.300000,0.86,10
2025-04-23 15:49:44,2025-4-23 18:49:44,-22.713414,-47.628648,541.100000,0.86,10
2025-04-23 15:49:45,2025-4-23 18:49:45,-22.713415,-47.628647,541.000000,0.86,10
2025-04-23 15:49:46,2025-4-23 18:49:46,-22.713415,-47.628646,540.800000,0.86,10
2025-04-23 15:49:48,2025-4-23 18:49:47,-22.713415,-47.628646,540.700000,0.86,10
2025-04-23 15:49:49,2025-4-23 18:49:48,-22.713415,-47.628645,540.600000,0.86,10
2025-04-23 15:49:50,2025-4-23 18:49:50,-22.713416,-47.628643,540.700000,0.86,10
2025-04-23 15:49:51,2025-4-23 18:49:51,-22.713416,-47.628642,540.700000,0.86,10
2025-04-23 15:49:52,2025-4-23 18:49:52,-22.713415,-47.628641,540.600000,0.86,10
2025-04-23 15:49:53,2025-4-23 18:49:53,-22.713410,-47.628640,540.600000,0.86,10
2025-04-23 15:49:54,2025-4-23 18:49:54,-22.713402,-47.628638,540.700000,0.86,10
2025-04-23 15:49:55,2025-4-23 18:49:55,-22.713395,-47.628636,540.800000,0.86,10
2025-04-23 15:49:56,2025-4-23 18:49:56,-22.713390,-47.628634,540.900000,0.86,10
2025-04-23 15:49:57,2025-4-23 18:49:57,-22.713384,-47.628631,540.900000,0.86,10
2025-04-23 15:49:58,2025-4-23 18:49:58,-22.713378,-47.628627,540.900000,0.86,10
2025-04-23 15:49:59,2025-4-23 18:49:59,-22.713372,-47.628623,540.900000,0.86,10
2025-04-23 15:50:00,2025-4-23 18:50:0,-22.713366,-47.628617,541.000000,0.86,10
2025-04-23 15:50:01,2025-4-23 18:50:1,-22.713360,-47.628611,541.100000,0.86,10
2025-04-23 15:50:02,2025-4-23 18:50:2,-22.713354,-47.628604,541.200000,0.86,10
2025-04-23 15:50:03,2025-4-23 18:50:3,-22.713349,-47.628595,541.300000,0.86,10
2025-04-23 15:50:04,2025-4-23 18:50:4,-22.713344,-47.628586,541.400000,0.86,10
2025-04-23 15:50:05,2025-4-23 18:50:5,-22.713339,-47.628575,541.500000,0.86,10
2025-04-23 15:50:06,2025-4-23 18:50:6,-22.713336,-47.628563,541.500000,0.86,10
2025-04-23 15:50:07,2025-4-23 18:50:7,-22.713334,-47.628550,541.500000,0.86,10
2025-04-23 15:50:08,2025-4-23 18:50:8,-22.713333,-47.628536,541.500000,0.86,10
2025-04-23 15:50:09,2025-4-23 18:50:9,-22.713334,-47.628521,541.500000,0.86,10
2025-04-23 15:50:10,2025-4-23 18:50:10,-22.713338,-47.628505,541.700000,0.86,10
2025-04-23 15:50:11,2025-4-23 18:50:11,-22.713344,-47.628490,541.800000,0.86,10
2025-04-23 15:50:12,2025-4-23 18:50:12,-22.713352,-47.628477,541.800000,0.86,10
2025-04-23 15:50:13,2025-4-23 18:50:13,-22.713364,-47.628465,541.700000,0.86,10
2025-04-23 15:50:14,2025-4-23 18:50:14,-22.713376,-47.628456,541.700000,0.86,10
2025-04-23 15:50:15,2025-4-23 18:50:15,-22.713391,-47.628450,541.500000,0.86,10
2025-04-23 15:50:17,2025-4-23 18:50:16,-22.713408,-47.628445,541.500000,0.86,10
2025-04-23 15:50:18,2025-4-23 18:50:17,-22.713424,-47.628443,541.600000,0.86,10
2025-04-23 15:50:19,2025-4-23 18:50:18,-22.713441,-47.628445,541.500000,0.86,10
2025-04-23 15:50:20,2025-4-23 18:50:20,-22.713470,-47.628460,541.700000,0.86,10
2025-04-23 15:50:21,2025-4-23 18:50:21,-22.713483,-47.628472,541.800000,0.86,10
2025-04-23 15:50:22,2025-4-23 18:50:22,-22.713494,-47.628485,542.000000,0.86,10
2025-04-23 15:50:23,2025-4-23 18:50:23,-22.713502,-47.628500,542.100000,0.86,10
2025-04-23 15:50:24,2025-4-23 18:50:24,-22.713508,-47.628517,542.000000,0.86,10
2025-04-23 15:50:25,2025-4-23 18:50:25,-22.713510,-47.628535,542.000000,0.86,10
2025-04-23 15:50:26,2025-4-23 18:50:26,-22.713509,-47.628553,542.100000,0.86,10
2025-04-23 15:50:27,2025-4-23 18:50:27,-22.713505,-47.628570,542.100000,0.86,10
2025-04-23 15:50:28,2025-4-23 18:50:28,-22.713498,-47.628586,542.100000,0.86,10
2025-04-23 15:50:29,2025-4-23 18:50:29,-22.713489,-47.628601,542.000000,0.86,10
2025-04-23 15:50:30,2025-4-23 18:50:30,-22.713477,-47.628613,542.000000,0.86,10
2025-04-23 15:50:31,2025-4-23 18:50:31,-22.713463,-47.628624,542.000000,0.86,10
2025-04-23 15:50:32,2025-4-23 18:50:32,-22.713447,-47.628631,542.000000,0.86,10
2025-04-23 15:50:33,2025-4-23 18:50:33,-22.713431,-47.628635,542.100000,0.86,10
2025-04-23 15:50:34,2025-4-23 18:50:34,-22.713414,-47.628636,542.100000,0.86,10
2025-04-23 15:50:35,2025-4-23 18:50:35,-22.713396,-47.628634,542.200000,0.86,10
2025-04-23 15:50:36,2025-4-23 18:50:36,-22.713380,-47.628629,542.200000,0.86,10
2025-04-23 15:50:37,2025-4-23 18:50:37,-22.713365,-47.628620,542.200000,0.86,10
2025-04-23 15:50:38,2025-4-23 18:50:38,-22.713352,-47.628609,542.200000,0.86,10
2025-04-23 15:50:39,2025-4-23 18:50:39,-22.713341,-47.628595,542.400000,0.86,10
2025-04-23 15:50:40,2025-4-23 18:50:40,-22.713333,-47.628580,542.400000,0.86,10
2025-04-23 15:50:41,2025-4-23 18:50:41,-22.713327,-47.628563,542.600000,0.86,10
2025-04-23 15:50:42,2025-4-23 18:50:42,-22.713324,-47.628545,542.800000,0.86,10
2025-04-23 15:50:43,2025-4-23 18:50:43,-22.713324,-47.628527,542.900000,0.86,10
2025-04-23 15:50:44,2025-4-23 18:50:44,-22.713327,-47.628509,543.000000,0.86,10
2025-04-23 15:50:45,2025-4-23 18:50:45,-22.713334,-47.628493,542.900000,0.86,10
2025-04-23 15:50:46,2025-4-23 18:50:46,-22.713343,-47.628478,542.800000,0.86,10
2025-04-23 15:50:47,2025-4-23 18:50:47,-22.713355,-47.628466,542.700000,0.86,10
2025-04-23 15:50:48,2025-4-23 18:50:48,-22.713369,-47.628456,542.700000,0.86,10
2025-04-23 15:50:49,2025-4-23 18:50:49,-22.713383,-47.628451,542.600000,0.86,10
2025-04-23 15:50:50,2025-4-23 18:50:50,-22.713398,-47.628448,542.600000,0.86,10
2025-04-23 15:50:51,2025-4-23 18:50:51,-22.713414,-47.628447,542.800000,0.86,10
2025-04-23 15:50:52,2025-4-23 18:50:52,-22.713430,-47.628448,542.900000,0.86,10
2025-04-23 15:50:53,2025-4-23 18:50:53,-22.713446,-47.628454,542.800000,0.86,10
2025-04-23 15:50:54,2025-4-23 18:50:54,-22.713460,-47.628463,543.000000,0.86,10
2025-04-23 15:50:55,2025-4-23 18:50:55,-22.713472,-47.628475,543.000000,0.86,10
2025-04-23 15:50:56,2025-4-23 18:50:56,-22.713483,-47.628488,542.900000,0.86,10
2025-04-23 15:50:58,2025-4-23 18:50:57,-22.713491,-47.628504,542.900000,0.86,10
2025-04-23 15:50:59,2025-4-23 18:50:59,-22.713499,-47.628538,542.900000,0.86,10
2025-04-23 15:51:00,2025-4-23 18:51:0,-22.713499,-47.628556,542.900000,0.86,10
2025-04-23 15:51:01,2025-4-23 18:51:1,-22.713496,-47.628574,542.900000,0.86,10
2025-04-23 15:51:02,2025-4-23 18:51:2,-22.713489,-47.628591,542.800000,0.87,10
2025-04-23 15:51:03,2025-4-23 18:51:3,-22.713480,-47.628605,542.800000,0.87,10
2025-04-23 15:51:04,2025-4-23 18:51:4,-22.713468,-47.628618,542.800000,0.87,10
2025-04-23 15:51:05,2025-4-23 18:51:5,-22.713454,-47.628628,542.800000,0.87,10
2025-04-23 15:51:06,2025-4-23 18:51:6,-22.713439,-47.628635,542.900000,0.87,10
2025-04-23 15:51:07,2025-4-23 18:51:7,-22.713423,-47.628639,542.900000,0.87,10
2025-04-23 15:51:08,2025-4-23 18:51:8,-22.713407,-47.628641,542.900000,0.87,10
2025-04-23 15:51:09,2025-4-23 18:51:9,-22.713390,-47.628638,543.000000,0.87,10
2025-04-23 15:51:10,2025-4-23 18:51:10,-22.713375,-47.628632,543.000000,0.87,10
2025-04-23 15:51:11,2025-4-23 18:51:11,-22.713360,-47.628624,542.900000,0.87,10
2025-04-23 15:51:12,2025-4-23 18:51:12,-22.713347,-47.628613,543.000000,0.95,9
2025-04-23 15:51:13,2025-4-23 18:51:13,-22.713336,-47.628599,543.100000,0.95,9
2025-04-23 15:51:14,2025-4-23 18:51:14,-22.713328,-47.628583,543.100000,0.95,9
2025-04-23 15:51:15,2025-4-23 18:51:15,-22.713323,-47.628566,543.200000,0.95,9
2025-04-23 15:51:16,2025-4-23 18:51:16,-22.713320,-47.628549,543.300000,0.87,10
2025-04-23 15:51:17,2025-4-23 18:51:17,-22.713320,-47.628530,543.300000,0.92,9
2025-04-23 15:51:18,2025-4-23 18:51:18,-22.713323,-47.628513,543.400000,0.92,9
2025-04-23 15:51:19,2025-4-23 18:51:19,-22.713330,-47.628496,543.300000,0.87,10
2025-04-23 15:51:20,2025-4-23 18:51:20,-22.713339,-47.628481,543.200000,0.87,10
2025-04-23 15:51:21,2025-4-23 18:51:21,-22.713351,-47.628468,543.100000,0.87,10
2025-04-23 15:51:22,2025-4-23 18:51:22,-22.713364,-47.628458,543.000000,0.87,10
2025-04-23 15:51:23,2025-4-23 18:51:23,-22.713379,-47.628451,542.900000,0.87,10
2025-04-23 15:51:24,2025-4-23 18:51:24,-22.713396,-47.628447,542.800000,0.87,10
2025-04-23 15:51:25,2025-4-23 18:51:25,-22.713412,-47.628446,542.700000,0.87,10
2025-04-23 15:51:26,2025-4-23 18:51:26,-22.713428,-47.628448,542.800000,0.87,10
2025-04-23 15:51:27,2025-4-23 18:51:27,-22.713444,-47.628454,542.800000,0.87,10
2025-04-23 15:51:29,2025-4-23 18:51:28,-22.713459,-47.628463,542.700000,0.87,10
2025-04-23 15:51:30,2025-4-23 18:51:29,-22.713471,-47.628474,542.800000,0.87,10
2025-04-23 15:51:31,2025-4-23 18:51:31,-22.713491,-47.628503,542.700000,0.87,10
2025-04-23 15:51:32,2025-4-23 18:51:32,-22.713496,-47.628519,543.000000,0.87,10
2025-04-23 15:51:33,2025-4-23 18:51:33,-22.713498,-47.628536,542.900000,0.87,10
2025-04-23 15:51:34,2025-4-23 18:51:34,-22.713498,-47.628554,542.700000,0.87,10
2025-04-23 15:51:35,2025-4-23 18:51:35,-22.713495,-47.628571,542.800000,0.87,10
2025-04-23 15:51:36,2025-4-23 18:51:36,-22.713488,-47.628588,542.900000,0.87,10
2025-04-23 15:51:37,2025-4-23 18:51:37,-22.713479,-47.628603,542.900000,0.87,10
2025-04-23 15:51:38,2025-4-23 18:51:38,-22.713467,-47.628616,543.000000,0.87,10
2025-04-23 15:51:39,2025-4-23 18:51:39,-22.713454,-47.628626,543.000000,0.87,10
2025-04-23 15:51:40,2025-4-23 18:51:40,-22.713439,-47.628633,543.000000,0.87,10
2025-04-23 15:51:41,2025-4-23 18:51:41,-22.713423,-47.628638,543.100000,0.87,10
2025-04-23 15:51:42,2025-4-23 18:51:42,-22.713406,-47.628639,543.100000,0.87,10
2025-04-23 15:51:43,2025-4-23 18:51:43,-22.713390,-47.628637,543.100000,0.87,10
2025-04-23 15:51:44,2025-4-23 18:51:44,-22.713375,-47.628631,543.100000,0.87,10
2025-04-23 15:51:45,2025-4-23 18:51:45,-22.713359,-47.628624,543.000000,0.87,10
2025-04-23 15:51:46,2025-4-23 18:51:46,-22.713346,-47.628612,543.100000,0.87,10
2025-04-23 15:51:47,2025-4-23 18:51:47,-22.713335,-47.628599,543.200000,0.87,10
2025-04-23 15:51:48,2025-4-23 18:51:48,-22.713327,-47.628583,543.100000,0.87,10
2025-04-23 15:51:49,2025-4-23 18:51:49,-22.713321,-47.628566,543.100000,0.87,10
2025-04-23 15:51:50,2025-4-23 18:51:50,-22.713318,-47.628548,543.200000,0.87,10
2025-04-23 15:51:51,2025-4-23 18:51:51,-22.713319,-47.628529,543.300000,0.87,10
2025-04-23 15:51:52,2025-4-23 18:51:52,-22.713322,-47.628510,543.400000,0.87,10
2025-04-23 15:51:53,2025-4-23 18:51:53,-22.713328,-47.628494,543.200000,0.87,10
2025-04-23 15:51:55,2025-4-23 18:51:54,-22.713337,-47.628479,543.100000,0.87,10
2025-04-23 15:51:56,2025-4-23 18:51:55,-22.713349,-47.628466,543.000000,0.87,10
2025-04-23 15:51:57,2025-4-23 18:51:57,-22.713377,-47.628449,542.900000,0.87,10
2025-04-23 15:51:58,2025-4-23 18:51:58,-22.713393,-47.628444,542.800000,0.87,10
2025-04-23 15:51:59,2025-4-23 18:51:59,-22.713409,-47.628443,542.800000,0.87,10
2025-04-23 15:52:00,2025-4-23 18:52:0,-22.713425,-47.628444,542.900000,0.87,10
2025-04-23 15:52:01,2025-4-23 18:52:1,-22.713440,-47.628450,543.000000,0.87,10
2025-04-23 15:52:02,2025-4-23 18:52:2,-22.713455,-47.628458,543.000000,0.87,10
2025-04-23 15:52:03,2025-4-23 18:52:3,-22.713468,-47.628468,542.900000,0.87,10
2025-04-23 15:52:04,2025-4-23 18:52:4,-22.713479,-47.628481,542.700000,0.87,10
2025-04-23 15:52:05,2025-4-23 18:52:5,-22.713488,-47.628496,542.800000,0.87,10
2025-04-23 15:52:06,2025-4-23 18:52:6,-22.713494,-47.628513,542.800000,0.87,10
2025-04-23 15:52:07,2025-4-23 18:52:7,-22.713497,-47.628532,542.800000,0.87,10
2025-04-23 15:52:08,2025-4-23 18:52:8,-22.713497,-47.628549,542.900000,0.87,10
2025-04-23 15:52:09,2025-4-23 18:52:9,-22.713494,-47.628567,542.800000,0.87,10
2025-04-23 15:52:10,2025-4-23 18:52:10,-22.713488,-47.628583,542.700000,0.87,10
2025-04-23 15:52:11,2025-4-23 18:52:11,-22.713479,-47.628599,542.700000,0.87,10
2025-04-23 15:52:12,2025-4-23 18:52:12,-22.713468,-47.628611,542.700000,0.87,10
2025-04-23 15:52:13,2025-4-23 18:52:13,-22.713454,-47.628622,542.600000,0.87,10
2025-04-23 15:52:14,2025-4-23 18:52:14,-22.713439,-47.628630,542.700000,0.87,10
2025-04-23 15:52:15,2025-4-23 18:52:15,-22.713423,-47.628636,542.600000,0.87,10
2025-04-23 15:52:16,2025-4-23 18:52:16,-22.713407,-47.628637,542.800000,0.87,10
2025-04-23 15:52:17,2025-4-23 18:52:17,-22.713390,-47.628635,542.900000,0.87,10
2025-04-23 15:52:18,2025-4-23 18:52:18,-22.713374,-47.628630,543.000000,0.87,10
2025-04-23 15:52:20,2025-4-23 18:52:19,-22.713359,-47.628622,542.900000,0.87,10
2025-04-23 15:52:21,2025-4-23 18:52:20,-22.713346,-47.628611,542.800000,0.87,10
2025-04-23 15:52:22,2025-4-23 18:52:21,-22.713335,-47.628597,542.800000,0.87,10
2025-04-23 15:52:23,2025-4-23 18:52:23,-22.713321,-47.628566,542.800000,0.87,10
2025-04-23 15:52:24,2025-4-23 18:52:24,-22.713318,-47.628548,542.900000,0.87,10
2025-04-23 15:52:25,2025-4-23 18:52:25,-22.713318,-47.628530,543.100000,0.87,10
2025-04-23 15:52:26,2025-4-23 18:52:26,-22.713321,-47.628512,543.100000,0.87,10
2025-04-23 15:52:27,2025-4-23 18:52:27,-22.713327,-47.628495,543.000000,0.87,10
2025-04-23 15:52:28,2025-4-23 18:52:28,-22.713336,-47.628481,542.900000,0.87,10
2025-04-23 15:52:29,2025-4-23 18:52:29,-22.713347,-47.628467,543.000000,0.87,10
2025-04-23 15:52:30,2025-4-23 18:52:30,-22.713361,-47.628457,542.900000,0.87,10
2025-04-23 15:52:31,2025-4-23 18:52:31,-22.713376,-47.628450,542.800000,0.87,10
2025-04-23 15:52:32,2025-4-23 18:52:32,-22.713391,-47.628445,542.800000,0.87,10
2025-04-23 15:52:33,2025-4-23 18:52:33,-22.713408,-47.628444,542.600000,0.87,10
2025-04-23 15:52:34,2025-4-23 18:52:34,-22.713424,-47.628445,542.700000,0.87,10
2025-04-23 15:52:35,2025-4-23 18:52:35,-22.713440,-47.628451,542.700000,0.87,10
2025-04-23 15:52:36,2025-4-23 18:52:36,-22.713455,-47.628460,542.600000,0.87,10
2025-04-23 15:52:37,2025-4-23 18:52:37,-22.713468,-47.628472,542.600000,0.87,10
2025-04-23 15:52:38,2025-4-23 18:52:38,-22.713479,-47.628485,542.700000,0.87,10
2025-04-23 15:52:39,2025-4-23 18:52:39,-22.713488,-47.628500,542.900000,0.87,10
2025-04-23 15:52:40,2025-4-23 18:52:40,-22.713493,-47.628517,542.900000,0.87,10
2025-04-23 15:52:41,2025-4-23 18:52:41,-22.713497,-47.628534,542.900000,0.87,10
2025-04-23 15:52:42,2025-4-23 18:52:42,-22.713497,-47.628551,542.700000,0.87,10
2025-04-23 15:52:43,2025-4-23 18:52:43,-22.713494,-47.628568,542.700000,0.87,10
2025-04-23 15:52:44,2025-4-23 18:52:44,-22.713488,-47.628585,542.700000,0.87,10
2025-04-23 15:52:45,2025-4-23 18:52:45,-22.713479,-47.628600,542.800000,0.87,10
2025-04-23 15:52:47,2025-4-23 18:52:46,-22.713468,-47.628612,542.700000,0.87,10
2025-04-23 15:52:48,2025-4-23 18:52:47,-22.713455,-47.628623,542.800000,0.87,10
2025-04-23 15:52:49,2025-4-23 18:52:49,-22.713424,-47.628636,542.900000,0.87,10
2025-04-23 15:52:50,2025-4-23 18:52:50,-22.713408,-47.628637,543.000000,0.87,10
2025-04-23 15:52:51,2025-4-23 18:52:51,-22.713391,-47.628635,543.100000,0.87,10
2025-04-23 15:52:52,2025-4-23 18:52:52,-22.713375,-47.628631,543.100000,0.87,10
2025-04-23 15:52:53,2025-4-23 18:52:53,-22.713361,-47.628623,543.200000,0.87,10
2025-04-23 15:52:54,2025-4-23 18:52:54,-22.713347,-47.628612,543.200000,0.87,10
2025-04-23 15:52:55,2025-4-23 18:52:55,-22.713336,-47.628599,543.200000,0.87,10
2025-04-23 15:52:56,2025-4-23 18:52:56,-22.713328,-47.628583,543.300000,0.87,10
2025-04-23 15:52:57,2025-4-23 18:52:57,-22.713321,-47.628566,543.400000,0.87,10
2025-04-23 15:52:58,2025-4-23 18:52:58,-22.713318,-47.628548,543.400000,0.87,10
2025-04-23 15:52:59,2025-4-23 18:52:59,-22.713318,-47.628530,543.400000,0.87,10
2025-04-23 15:53:00,2025-4-23 18:53:0,-22.713321,-47.628512,543.600000,0.87,10
2025-04-23 15:53:01,2025-4-23 18:53:1,-22.713327,-47.628495,543.600000,0.87,10
2025-04-23 15:53:02,2025-4-23 18:53:2,-22.713335,-47.628480,543.700000,0.87,10
2025-04-23 15:53:03,2025-4-23 18:53:3,-22.713346,-47.628466,543.600000,0.87,10
2025-04-23 15:53:04,2025-4-23 18:53:4,-22.713359,-47.628457,543.400000,0.87,10
2025-04-23 15:53:05,2025-4-23 18:53:5,-22.713374,-47.628449,543.400000,0.87,10
2025-04-23 15:53:06,2025-4-23 18:53:6,-22.713390,-47.628444,543.300000,0.87,10
2025-04-23 15:53:07,2025-4-23 18:53:7,-22.713407,-47.628442,543.200000,0.87,10
2025-04-23 15:53:08,2025-4-23 18:53:8,-22.713423,-47.628444,543.300000,0.87,10
2025-04-23 15:53:09,2025-4-23 18:53:9,-22.713439,-47.628449,543.200000,0.87,10
2025-04-23 15:53:10,2025-4-23 18:53:10,-22.713453,-47.628457,543.100000,0.87,10
2025-04-23 15:53:12,2025-4-23 18:53:12,-22.713479,-47.628481,543.000000,0.87,10
2025-04-23 15:53:13,2025-4-23 18:53:13,-22.713488,-47.628496,543.000000,0.87,10
2025-04-23 15:53:14,2025-4-23 18:53:14,-22.713494,-47.628513,543.100000,0.87,10
2025-04-23 15:53:15,2025-4-23 18:53:15,-22.713497,-47.628530,542.900000,0.87,10
2025-04-23 15:53:16,2025-4-23 18:53:16,-22.713497,-47.628548,543.000000,0.87,10
2025-04-23 15:53:17,2025-4-23 18:53:17,-22.713495,-47.628565,542.900000,0.87,10
2025-04-23 15:53:18,2025-4-23 18:53:18,-22.713489,-47.628582,542.800000,0.87,10
2025-04-23 15:53:19,2025-4-23 18:53:19,-22.713480,-47.628598,542.900000,0.87,10
2025-04-23 15:53:20,2025-4-23 18:53:20,-22.713469,-47.628611,542.900000,0.87,10
2025-04-23 15:53:21,2025-4-23 18:53:21,-22.713456,-47.628623,542.900000,0.87,10
2025-04-23 15:53:22,2025-4-23 18:53:22,-22.713441,-47.628630,542.800000,0.87,10
2025-04-23 15:53:23,2025-4-23 18:53:23,-22.713426,-47.628634,542.900000,0.87,10
2025-04-23 15:53:24,2025-4-23 18:53:24,-22.713409,-47.628636,542.900000,0.87,10
2025-04-23 15:53:25,2025-4-23 18:53:25,-22.713393,-47.628634,542.900000,0.87,10
2025-04-23 15:53:27,2025-4-23 18:53:26,-22.713377,-47.628629,542.900000,0.87,10
2025-04-23 15:53:28,2025-4-23 18:53:27,-22.713363,-47.628621,542.900000,0.87,10
2025-04-23 15:53:29,2025-4-23 18:53:29,-22.713338,-47.628597,542.900000,0.87,10
2025-04-23 15:53:30,2025-4-23 18:53:30,-22.713330,-47.628582,542.900000,0.87,10
2025-04-23 15:53:31,2025-4-23 18:53:31,-22.713324,-47.628565,543.000000,0.87,10
2025-04-23 15:53:32,2025-4-23 18:53:32,-22.713321,-47.628548,543.100000,0.87,10
2025-04-23 15:53:33,2025-4-23 18:53:33,-22.713320,-47.628529,543.200000,0.87,10
2025-04-23 15:53:34,2025-4-23 18:53:34,-22.713323,-47.628511,543.300000,0.87,10
2025-04-23 15:53:35,2025-4-23 18:53:35,-22.713329,-47.628494,543.300000,0.87,10
2025-04-23 15:53:36,2025-4-23 18:53:36,-22.713337,-47.628478,543.300000,0.87,10
2025-04-23 15:53:37,2025-4-23 18:53:37,-22.713348,-47.628465,543.400000,0.87,10
2025-04-23 15:53:38,2025-4-23 18:53:38,-22.713361,-47.628454,543.300000,0.87,10
2025-04-23 15:53:39,2025-4-23 18:53:39,-22.713376,-47.628446,543.300000,0.87,10
2025-04-23 15:53:40,2025-4-23 18:53:40,-22.713392,-47.628442,543.300000,0.87,10
2025-04-23 15:53:41,2025-4-23 18:53:41,-22.713408,-47.628440,543.200000,0.87,10
2025-04-23 15:53:42,2025-4-23 18:53:42,-22.713424,-47.628441,543.200000,0.87,10
2025-04-23 15:53:43,2025-4-23 18:53:43,-22.713440,-47.628446,543.200000,0.87,10
2025-04-23 15:53:44,2025-4-23 18:53:44,-22.713455,-47.628454,543.200000,0.87,10
2025-04-23 15:53:45,2025-4-23 18:53:45,-22.713468,-47.628463,543.400000,0.87,10
2025-04-23 15:53:46,2025-4-23 18:53:46,-22.713479,-47.628476,543.400000,0.87,10
2025-04-23 15:53:47,2025-4-23 18:53:47,-22.713488,-47.628491,543.500000,0.87,10
2025-04-23 15:53:48,2025-4-23 18:53:48,-22.713494,-47.628508,543.500000,0.87,10
2025-04-23 15:53:49,2025-4-23 18:53:49,-22.713497,-47.628525,543.600000,0.87,10
2025-04-23 15:53:50,2025-4-23 18:53:50,-22.713498,-47.628544,543.400000,0.87,10
2025-04-23 15:53:51,2025-4-23 18:53:51,-22.713496,-47.628562,543.400000,0.87,10
2025-04-23 15:53:53,2025-4-23 18:53:52,-22.713490,-47.628579,543.300000,0.87,10
2025-04-23 15:53:54,2025-4-23 18:53:54,-22.713471,-47.628608,543.400000,0.87,10
2025-04-23 15:53:55,2025-4-23 18:53:55,-22.713458,-47.628619,543.300000,0.87,10
2025-04-23 15:53:56,2025-4-23 18:53:56,-22.713443,-47.628628,543.400000,0.87,10
2025-04-23 15:53:57,2025-4-23 18:53:57,-22.713427,-47.628633,543.500000,0.87,10
2025-04-23 15:53:58,2025-4-23 18:53:58,-22.713411,-47.628636,543.600000,0.87,10
2025-04-23 15:53:59,2025-4-23 18:53:59,-22.713395,-47.628634,543.500000,0.87,10
2025-04-23 15:54:00,2025-4-23 18:54:0,-22.713379,-47.628630,543.500000,0.87,10
2025-04-23 15:54:01,2025-4-23 18:54:1,-22.713364,-47.628622,543.500000,0.87,10
2025-04-23 15:54:02,2025-4-23 18:54:2,-22.713350,-47.628612,543.600000,0.87,10
2025-04-23 15:54:03,2025-4-23 18:54:3,-22.713339,-47.628599,543.600000,0.87,10
2025-04-23 15:54:04,2025-4-23 18:54:4,-22.713330,-47.628583,543.600000,0.87,10
2025-04-23 15:54:05,2025-4-23 18:54:5,-22.713324,-47.628566,543.500000,0.87,10
2025-04-23 15:54:06,2025-4-23 18:54:6,-22.713321,-47.628549,543.600000,0.87,10
2025-04-23 15:54:07,2025-4-23 18:54:7,-22.713320,-47.628531,543.600000,0.87,10
2025-04-23 15:54:08,2025-4-23 18:54:8,-22.713323,-47.628513,543.700000,0.87,10
2025-04-23 15:54:09,2025-4-23 18:54:9,-22.713328,-47.628496,543.800000,0.87,10
2025-04-23 15:54:10,2025-4-23 18:54:10,-22.713336,-47.628481,543.800000,0.87,10
2025-04-23 15:54:11,2025-4-23 18:54:11,-22.713347,-47.628467,543.700000,0.87,10
2025-04-23 15:54:12,2025-4-23 18:54:12,-22.713360,-47.628456,543.700000,0.87,10
2025-04-23 15:54:13,2025-4-23 18:54:13,-22.713374,-47.628448,543.600000,0.87,10
2025-04-23 15:54:14,2025-4-23 18:54:14,-22.713390,-47.628444,543.400000,0.87,10
2025-04-23 15:54:15,2025-4-23 18:54:15,-22.713407,-47.628441,543.300000,0.87,10
2025-04-23 15:54:17,2025-4-23 18:54:16,-22.713423,-47.628442,543.200000,0.87,10
2025-04-23 15:54:18,2025-4-23 18:54:17,-22.713440,-47.628447,543.100000,0.87,10
2025-04-23 15:54:19,2025-4-23 18:54:19,-22.713468,-47.628464,543.100000,0.87,10
2025-04-23 15:54:20,2025-4-23 18:54:20,-22.713479,-47.628477,543.400000,0.87,10
2025-04-23 15:54:21,2025-4-23 18:54:21,-22.713489,-47.628491,543.400000,0.87,10
2025-04-23 15:54:22,2025-4-23 18:54:22,-22.713496,-47.628507,543.400000,0.87,10
2025-04-23 15:54:23,2025-4-23 18:54:23,-22.713499,-47.628525,543.300000,0.87,10
2025-04-23 15:54:24,2025-4-23 18:54:24,-22.713500,-47.628544,543.300000,0.87,10
2025-04-23 15:54:25,2025-4-23 18:54:25,-22.713498,-47.628562,543.300000,0.87,10
2025-04-23 15:54:26,2025-4-23 18:54:26,-22.713492,-47.628579,543.300000,0.87,10
2025-04-23 15:54:27,2025-4-23 18:54:27,-22.713484,-47.628594,543.200000,0.87,10
2025-04-23 15:54:28,2025-4-23 18:54:28,-22.713474,-47.628607,543.300000,0.87,10
2025-04-23 15:54:29,2025-4-23 18:54:29,-22.713461,-47.628618,543.300000,0.87,10
2025-04-23 15:54:30,2025-4-23 18:54:30,-22.713447,-47.628626,543.300000,0.87,10
2025-04-23 15:54:31,2025-4-23 18:54:31,-22.713431,-47.628633,543.400000,0.87,10
2025-04-23 15:54:32,2025-4-23 18:54:32,-22.713415,-47.628634,543.300000,0.87,10
2025-04-23 15:54:33,2025-4-23 18:54:33,-22.713399,-47.628632,543.200000,0.87,10
2025-04-23 15:54:34,2025-4-23 18:54:34,-22.713383,-47.628628,543.200000,0.87,10
2025-04-23 15:54:35,2025-4-23 18:54:35,-22.713367,-47.628620,543.400000,0.87,10
2025-04-23 15:54:36,2025-4-23 18:54:36,-22.713353,-47.628611,543.400000,0.87,10
2025-04-23 15:54:37,2025-4-23 18:54:37,-22.713342,-47.628597,543.500000,0.87,10
2025-04-23 15:54:38,2025-4-23 18:54:38,-22.713333,-47.628581,543.600000,0.87,10
2025-04-23 15:54:39,2025-4-23 18:54:39,-22.713326,-47.628564,543.700000,0.87,10
2025-04-23 15:54:40,2025-4-23 18:54:40,-22.713322,-47.628547,543.800000,0.87,10
2025-04-23 15:54:41,2025-4-23 18:54:41,-22.713322,-47.628528,543.800000,0.87,10
2025-04-23 15:54:42,2025-4-23 18:54:42,-22.713324,-47.628510,543.900000,0.87,10
2025-04-23 15:54:43,2025-4-23 18:54:43,-22.713330,-47.628493,543.800000,0.87,10
2025-04-23 15:54:44,2025-4-23 18:54:44,-22.713338,-47.628478,543.800000,0.87,10
2025-04-23 15:54:46,2025-4-23 18:54:45,-22.713348,-47.628463,543.800000,0.87,10
2025-04-23 15:54:47,2025-4-23 18:54:46,-22.713360,-47.628452,544.000000,0.87,10
2025-04-23 15:54:48,2025-4-23 18:54:48,-22.713390,-47.628437,543.900000,0.87,10
2025-04-23 15:54:49,2025-4-23 18:54:49,-22.713406,-47.628436,543.800000,0.87,10
2025-04-23 15:54:50,2025-4-23 18:54:50,-22.713423,-47.628437,543.700000,0.87,10
2025-04-23 15:54:51,2025-4-23 18:54:51,-22.713438,-47.628441,543.900000,0.87,10
2025-04-23 15:54:52,2025-4-23 18:54:52,-22.713453,-47.628449,543.900000,0.87,10
2025-04-23 15:54:53,2025-4-23 18:54:53,-22.713467,-47.628459,544.000000,0.87,10
2025-04-23 15:54:54,2025-4-23 18:54:54,-22.713479,-47.628473,544.000000,0.87,10
2025-04-23 15:54:55,2025-4-23 18:54:55,-22.713489,-47.628487,544.100000,0.87,10
2025-04-23 15:54:56,2025-4-23 18:54:56,-22.713495,-47.628504,544.200000,0.87,10
2025-04-23 15:54:57,2025-4-23 18:54:57,-22.713498,-47.628522,544.300000,0.87,10
2025-04-23 15:54:58,2025-4-23 18:54:58,-22.713499,-47.628540,544.200000,0.87,10
2025-04-23 15:54:59,2025-4-23 18:54:59,-22.713497,-47.628558,544.100000,0.87,10
2025-04-23 15:55:00,2025-4-23 18:55:0,-22.713492,-47.628576,544.000000,0.87,10
2025-04-23 15:55:01,2025-4-23 18:55:1,-22.713484,-47.628591,544.000000,0.87,10
2025-04-23 15:55:02,2025-4-23 18:55:2,-22.713474,-47.628605,544.000000,0.87,10
2025-04-23 15:55:03,2025-4-23 18:55:3,-22.713461,-47.628617,543.900000,0.87,10
2025-04-23 15:55:04,2025-4-23 18:55:4,-22.713446,-47.628626,543.900000,0.87,10
2025-04-23 15:55:05,2025-4-23 18:55:5,-22.713430,-47.628632,543.900000,0.87,10
2025-04-23 15:55:07,2025-4-23 18:55:7,-22.713397,-47.628632,543.900000,0.87,10
2025-04-23 15:55:08,2025-4-23 18:55:8,-22.713381,-47.628627,544.100000,0.87,10
2025-04-23 15:55:09,2025-4-23 18:55:9,-22.713366,-47.628621,544.000000,0.87,10
2025-04-23 15:55:10,2025-4-23 18:55:10,-22.713353,-47.628611,544.000000,0.87,10
2025-04-23 15:55:11,2025-4-23 18:55:11,-22.713341,-47.628597,544.000000,0.87,10
2025-04-23 15:55:12,2025-4-23 18:55:12,-22.713331,-47.628582,544.100000,0.87,10
2025-04-23 15:55:13,2025-4-23 18:55:13,-22.713324,-47.628566,544.200000,0.87,10
2025-04-23 15:55:14,2025-4-23 18:55:14,-22.713320,-47.628549,544.300000,0.87,10
2025-04-23 15:55:15,2025-4-23 18:55:15,-22.713319,-47.628531,544.500000,0.87,10
2025-04-23 15:55:16,2025-4-23 18:55:16,-22.713321,-47.628512,544.500000,0.87,10
2025-04-23 15:55:17,2025-4-23 18:55:17,-22.713326,-47.628496,544.400000,0.87,10
2025-04-23 15:55:18,2025-4-23 18:55:18,-22.713334,-47.628481,544.300000,0.87,10
2025-04-23 15:55:20,2025-4-23 18:55:19,-22.713345,-47.628466,544.400000,0.87,10
2025-04-23 15:55:21,2025-4-23 18:55:21,-22.713371,-47.628447,544.200000,0.87,10
2025-04-23 15:55:22,2025-4-23 18:55:22,-22.713387,-47.628440,544.200000,0.87,10
2025-04-23 15:55:23,2025-4-23 18:55:23,-22.713403,-47.628438,544.100000,0.87,10
2025-04-23 15:55:24,2025-4-23 18:55:24,-22.713420,-47.628438,544.200000,0.87,10
2025-04-23 15:55:25,2025-4-23 18:55:25,-22.713437,-47.628442,543.900000,0.87,10
2025-04-23 15:55:26,2025-4-23 18:55:26,-22.713452,-47.628450,543.900000,0.87,10
2025-04-23 15:55:27,2025-4-23 18:55:27,-22.713466,-47.628460,543.800000,0.87,10
2025-04-23 15:55:28,2025-4-23 18:55:28,-22.713477,-47.628473,543.700000,0.87,10
2025-04-23 15:55:29,2025-4-23 18:55:29,-22.713486,-47.628488,543.800000,0.87,10
2025-04-23 15:55:30,2025-4-23 18:55:30,-22.713493,-47.628504,543.800000,0.87,10
2025-04-23 15:55:31,2025-4-23 18:55:31,-22.713497,-47.628522,543.700000,0.87,10
2025-04-23 15:55:33,2025-4-23 18:55:32,-22.713498,-47.628540,543.700000,0.87,10
2025-04-23 15:55:34,2025-4-23 18:55:34,-22.713491,-47.628575,543.600000,0.87,10
2025-04-23 15:55:35,2025-4-23 18:55:35,-22.713483,-47.628591,543.400000,0.87,10
2025-04-23 15:55:36,2025-4-23 18:55:36,-22.713473,-47.628605,543.400000,0.87,10
2025-04-23 15:55:37,2025-4-23 18:55:37,-22.713460,-47.628617,543.500000,0.87,10
2025-04-23 15:55:38,2025-4-23 18:55:38,-22.713446,-47.628625,543.500000,0.87,10
2025-04-23 15:55:39,2025-4-23 18:55:39,-22.713430,-47.628631,543.600000,0.87,10
2025-04-23 15:55:40,2025-4-23 18:55:40,-22.713414,-47.628633,543.600000,0.87,10
2025-04-23 15:55:41,2025-4-23 18:55:41,-22.713398,-47.628631,543.600000,0.87,10
2025-04-23 15:55:42,2025-4-23 18:55:42,-22.713381,-47.628627,543.800000,0.87,10
2025-04-23 15:55:43,2025-4-23 18:55:43,-22.713366,-47.628620,543.800000,0.87,10
2025-04-23 15:55:44,2025-4-23 18:55:44,-22.713352,-47.628609,543.700000,0.96,9
2025-04-23 15:55:46,2025-4-23 18:55:45,-22.713341,-47.628596,543.600000,0.96,9
2025-04-23 15:55:47,2025-4-23 18:55:47,-22.713324,-47.628565,543.600000,0.96,9
2025-04-23 15:55:48,2025-4-23 18:55:48,-22.713320,-47.628548,543.900000,0.87,10
2025-04-23 15:55:49,2025-4-23 18:55:49,-22.713319,-47.628529,543.900000,0.87,10
2025-04-23 15:55:50,2025-4-23 18:55:50,-22.713321,-47.628511,543.900000,0.87,10
2025-04-23 15:55:51,2025-4-23 18:55:51,-22.713326,-47.628494,543.800000,0.87,10
2025-04-23 15:55:52,2025-4-23 18:55:52,-22.713334,-47.628479,543.800000,0.87,10
2025-04-23 15:55:53,2025-4-23 18:55:53,-22.713343,-47.628465,543.800000,0.87,10
2025-04-23 15:55:54,2025-4-23 18:55:54,-22.713355,-47.628454,544.000000,0.87,10
2025-04-23 15:55:55,2025-4-23 18:55:55,-22.713369,-47.628446,544.000000,0.87,10
2025-04-23 15:55:56,2025-4-23 18:55:56,-22.713385,-47.628440,543.900000,0.87,10
2025-04-23 15:55:57,2025-4-23 18:55:57,-22.713401,-47.628437,544.000000,0.87,10
2025-04-23 15:55:58,2025-4-23 18:55:58,-22.713417,-47.628438,543.800000,0.87,10
2025-04-23 15:56:00,2025-4-23 18:55:59,-22.713432,-47.628442,544.000000,0.88,10
2025-04-23 15:56:01,2025-4-23 18:56:1,-22.713461,-47.628460,544.100000,0.93,9
2025-04-23 15:56:02,2025-4-23 18:56:2,-22.713473,-47.628474,544.100000,0.88,10
2025-04-23 15:56:03,2025-4-23 18:56:3,-22.713484,-47.628488,544.100000,0.88,10
2025-04-23 15:56:04,2025-4-23 18:56:4,-22.713491,-47.628504,544.100000,0.88,10
2025-04-23 15:56:05,2025-4-23 18:56:5,-22.713495,-47.628521,544.000000,0.88,10
2025-04-23 15:56:06,2025-4-23 18:56:6,-22.713497,-47.628540,544.100000,0.88,10
2025-04-23 15:56:07,2025-4-23 18:56:7,-22.713495,-47.628558,544.000000,0.88,10
2025-04-23 15:56:08,2025-4-23 18:56:8,-22.713491,-47.628575,543.900000,0.88,10
2025-04-23 15:56:09,2025-4-23 18:56:9,-22.713483,-47.628591,543.800000,0.88,10
2025-04-23 15:56:10,2025-4-23 18:56:10,-22.713473,-47.628606,543.800000,0.88,10
2025-04-23 15:56:11,2025-4-23 18:56:11,-22.713460,-47.628617,543.800000,0.88,10
2025-04-23 15:56:13,2025-4-23 18:56:12,-22.713446,-47.628627,543.900000,0.88,10
2025-04-23 15:56:14,2025-4-23 18:56:14,-22.713414,-47.628635,543.900000,0.88,10
2025-04-23 15:56:15,2025-4-23 18:56:15,-22.713397,-47.628633,543.900000,0.88,10
2025-04-23 15:56:16,2025-4-23 18:56:16,-22.713381,-47.628630,544.100000,0.88,10
2025-04-23 15:56:17,2025-4-23 18:56:17,-22.713366,-47.628624,544.000000,0.88,10
2025-04-23 15:56:18,2025-4-23 18:56:18,-22.713352,-47.628614,544.000000,0.88,10
2025-04-23 15:56:19,2025-4-23 18:56:19,-22.713340,-47.628602,544.100000,0.96,9
2025-04-23 15:56:20,2025-4-23 18:56:20,-22.713330,-47.628587,544.000000,0.96,9
2025-04-23 15:56:21,2025-4-23 18:56:21,-22.713323,-47.628570,544.100000,0.88,10
2025-04-23 15:56:22,2025-4-23 18:56:22,-22.713319,-47.628553,544.100000,0.88,10
2025-04-23 15:56:23,2025-4-23 18:56:23,-22.713318,-47.628535,544.100000,0.88,10
2025-04-23 15:56:24,2025-4-23 18:56:24,-22.713320,-47.628517,544.100000,0.88,10
2025-04-23 15:56:26,2025-4-23 18:56:25,-22.713325,-47.628499,544.100000,0.88,10
2025-04-23 15:56:27,2025-4-23 18:56:27,-22.713343,-47.628469,544.000000,0.88,10
2025-04-23 15:56:28,2025-4-23 18:56:28,-22.713355,-47.628458,544.000000,0.88,10
2025-04-23 15:56:29,2025-4-23 18:56:29,-22.713369,-47.628448,544.100000,0.88,10
2025-04-23 15:56:30,2025-4-23 18:56:30,-22.713384,-47.628442,544.000000,0.88,10
2025-04-23 15:56:31,2025-4-23 18:56:31,-22.713400,-47.628440,544.100000,0.88,10
2025-04-23 15:56:32,2025-4-23 18:56:32,-22.713417,-47.628440,544.000000,0.88,10
2025-04-23 15:56:33,2025-4-23 18:56:33,-22.713433,-47.628444,543.900000,0.88,10
2025-04-23 15:56:34,2025-4-23 18:56:34,-22.713448,-47.628452,543.800000,0.88,10
2025-04-23 15:56:35,2025-4-23 18:56:35,-22.713462,-47.628461,543.900000,0.88,10
2025-04-23 15:56:36,2025-4-23 18:56:36,-22.713475,-47.628474,543.900000,0.88,10
2025-04-23 15:56:37,2025-4-23 18:56:37,-22.713485,-47.628489,543.900000,0.88,10
2025-04-23 15:56:39,2025-4-23 18:56:38,-22.713492,-47.628505,543.800000,0.88,10
2025-04-23 15:56:40,2025-4-23 18:56:40,-22.713498,-47.628540,543.700000,0.88,10
2025-04-23 15:56:41,2025-4-23 18:56:41,-22.713496,-47.628558,543.900000,0.88,10
2025-04-23 15:56:42,2025-4-23 18:56:42,-22.713492,-47.628576,543.800000,0.88,10
2025-04-23 15:56:43,2025-4-23 18:56:43,-22.713484,-47.628592,543.700000,0.88,10
2025-04-23 15:56:44,2025-4-23 18:56:44,-22.713474,-47.628606,543.700000,0.88,10
2025-04-23 15:56:45,2025-4-23 18:56:45,-22.713462,-47.628618,543.700000,0.88,10
2025-04-23 15:56:46,2025-4-23 18:56:46,-22.713448,-47.628627,543.600000,0.88,10
2025-04-23 15:56:47,2025-4-23 18:56:47,-22.713432,-47.628634,543.600000,0.88,10
2025-04-23 15:56:48,2025-4-23 18:56:48,-22.713416,-47.628637,543.500000,0.88,10
2025-04-23 15:56:49,2025-4-23 18:56:49,-22.713399,-47.628637,543.500000,0.88,10
2025-04-23 15:56:50,2025-4-23 18:56:50,-22.713383,-47.628633,543.500000,0.88,10
2025-04-23 15:56:52,2025-4-23 18:56:51,-22.713367,-47.628626,543.500000,0.88,10
2025-04-23 15:56:53,2025-4-23 18:56:53,-22.713341,-47.628603,543.500000,0.88,10
2025-04-23 15:56:54,2025-4-23 18:56:54,-22.713332,-47.628588,543.500000,0.88,10
2025-04-23 15:56:55,2025-4-23 18:56:55,-22.713325,-47.628571,543.500000,0.88,10
2025-04-23 15:56:56,2025-4-23 18:56:56,-22.713320,-47.628553,543.600000,0.88,10
2025-04-23 15:56:57,2025-4-23 18:56:57,-22.713319,-47.628535,543.500000,0.88,10
2025-04-23 15:56:58,2025-4-23 18:56:58,-22.713320,-47.628518,543.600000,0.88,10
2025-04-23 15:56:59,2025-4-23 18:56:59,-22.713325,-47.628500,543.700000,0.88,10
2025-04-23 15:57:00,2025-4-23 18:57:0,-22.713333,-47.628484,543.500000,0.88,10
2025-04-23 15:57:01,2025-4-23 18:57:1,-22.713343,-47.628470,543.400000,0.88,10
2025-04-23 15:57:02,2025-4-23 18:57:2,-22.713355,-47.628459,543.500000,0.88,10
2025-04-23 15:57:03,2025-4-23 18:57:3,-22.713369,-47.628449,543.500000,0.88,10
2025-04-23 15:57:04,2025-4-23 18:57:4,-22.713385,-47.628444,543.400000,0.88,10
2025-04-23 15:57:06,2025-4-23 18:57:6,-22.713417,-47.628440,543.500000,0.88,10
2025-04-23 15:57:07,2025-4-23 18:57:7,-22.713433,-47.628443,543.400000,0.88,10
2025-04-23 15:57:08,2025-4-23 18:57:8,-22.713449,-47.628450,543.300000,0.88,10
2025-04-23 15:57:09,2025-4-23 18:57:9,-22.713462,-47.628460,543.200000,0.88,10
2025-04-23 15:57:10,2025-4-23 18:57:10,-22.713475,-47.628472,543.100000,0.88,10
2025-04-23 15:57:11,2025-4-23 18:57:11,-22.713486,-47.628487,543.200000,0.88,10
2025-04-23 15:57:12,2025-4-23 18:57:12,-22.713493,-47.628503,543.300000,0.88,10
2025-04-23 15:57:13,2025-4-23 18:57:13,-22.713497,-47.628520,543.300000,0.88,10
2025-04-23 15:57:14,2025-4-23 18:57:14,-22.713498,-47.628538,543.300000,0.88,10
2025-04-23 15:57:15,2025-4-23 18:57:15,-22.713497,-47.628556,543.300000,0.88,10
2025-04-23 15:57:16,2025-4-23 18:57:16,-22.713492,-47.628573,543.200000,0.88,10
2025-04-23 15:57:17,2025-4-23 18:57:17,-22.713485,-47.628589,543.200000,0.88,10
2025-04-23 15:57:19,2025-4-23 18:57:18,-22.713475,-47.628604,543.300000,0.88,10
2025-04-23 15:57:20,2025-4-23 18:57:20,-22.713448,-47.628625,543.300000,0.88,10
2025-04-23 15:57:21,2025-4-23 18:57:21,-22.713432,-47.628632,543.400000,0.88,10
2025-04-23 15:57:22,2025-4-23 18:57:22,-22.713416,-47.628635,543.400000,0.97,9
2025-04-23 15:57:23,2025-4-23 18:57:23,-22.713400,-47.628634,543.500000,0.97,9
2025-04-23 15:57:24,2025-4-23 18:57:24,-22.713384,-47.628631,543.500000,0.88,10
2025-04-23 15:57:25,2025-4-23 18:57:25,-22.713369,-47.628624,543.500000,0.88,10
2025-04-23 15:57:26,2025-4-23 18:57:26,-22.713355,-47.628615,543.400000,0.88,10
2025-04-23 15:57:27,2025-4-23 18:57:27,-22.713342,-47.628602,543.500000,0.88,10
2025-04-23 15:57:28,2025-4-23 18:57:28,-22.713332,-47.628588,543.600000,0.88,10
2025-04-23 15:57:29,2025-4-23 18:57:29,-22.713325,-47.628572,543.700000,0.88,10
2025-04-23 15:57:30,2025-4-23 18:57:30,-22.713320,-47.628554,543.900000,0.88,10
2025-04-23 15:57:32,2025-4-23 18:57:31,-22.713318,-47.628536,543.900000,0.88,10
2025-04-23 15:57:33,2025-4-23 18:57:33,-22.713324,-47.628501,543.900000,0.88,10
2025-04-23 15:57:34,2025-4-23 18:57:34,-22.713331,-47.628485,543.700000,0.88,10
2025-04-23 15:57:35,2025-4-23 18:57:35,-22.713341,-47.628471,543.600000,0.88,10
2025-04-23 15:57:36,2025-4-23 18:57:36,-22.713353,-47.628459,543.800000,0.88,10
2025-04-23 15:57:37,2025-4-23 18:57:37,-22.713368,-47.628450,543.800000,0.88,10
2025-04-23 15:57:38,2025-4-23 18:57:38,-22.713383,-47.628444,543.700000,0.88,10
2025-04-23 15:57:39,2025-4-23 18:57:39,-22.713399,-47.628440,543.800000,0.88,10
2025-04-23 15:57:40,2025-4-23 18:57:40,-22.713416,-47.628441,543.600000,0.88,10
2025-04-23 15:57:41,2025-4-23 18:57:41,-22.713432,-47.628444,543.500000,0.88,10
2025-04-23 15:57:42,2025-4-23 18:57:42,-22.713448,-47.628451,543.500000,0.88,10
2025-04-23 15:57:43,2025-4-23 18:57:43,-22.713462,-47.628461,543.400000,0.88,10
2025-04-23 15:57:45,2025-4-23 18:57:44,-22.713474,-47.628473,543.500000,0.88,10
2025-04-23 15:57:46,2025-4-23 18:57:45,-22.713485,-47.628486,543.500000,0.88,10
2025-04-23 15:57:47,2025-4-23 18:57:47,-22.713498,-47.628519,543.600000,0.88,10
2025-04-23 15:57:48,2025-4-23 18:57:48,-22.713499,-47.628537,543.600000,0.88,10
2025-04-23 15:57:49,2025-4-23 18:57:49,-22.713498,-47.628555,543.700000,0.88,10
2025-04-23 15:57:50,2025-4-23 18:57:50,-22.713494,-47.628572,543.700000,0.88,10
2025-04-23 15:57:51,2025-4-23 18:57:51,-22.713487,-47.628588,543.600000,0.88,10
2025-04-23 15:57:52,2025-4-23 18:57:52,-22.713477,-47.628603,543.700000,0.88,10
2025-04-23 15:57:53,2025-4-23 18:57:53,-22.713465,-47.628615,543.800000,0.88,10
2025-04-23 15:57:54,2025-4-23 18:57:54,-22.713451,-47.628625,543.600000,0.97,9
2025-04-23 15:57:55,2025-4-23 18:57:55,-22.713435,-47.628631,543.700000,0.88,10
2025-04-23 15:57:56,2025-4-23 18:57:56,-22.713419,-47.628634,543.700000,0.88,10
2025-04-23 15:57:57,2025-4-23 18:57:57,-22.713403,-47.628633,543.800000,0.88,10
2025-04-23 15:57:59,2025-4-23 18:57:58,-22.713387,-47.628630,543.900000,0.88,10
2025-04-23 15:58:00,2025-4-23 18:58:0,-22.713357,-47.628615,544.000000,0.88,10
2025-04-23 15:58:01,2025-4-23 18:58:1,-22.713345,-47.628603,544.000000,0.88,10
2025-04-23 15:58:02,2025-4-23 18:58:2,-22.713335,-47.628588,544.000000,0.88,10
2025-04-23 15:58:03,2025-4-23 18:58:3,-22.713328,-47.628572,544.000000,0.88,10
2025-04-23 15:58:04,2025-4-23 18:58:4,-22.713323,-47.628554,544.100000,0.88,10
2025-04-23 15:58:05,2025-4-23 18:58:5,-22.713322,-47.628536,544.200000,0.88,10
2025-04-23 15:58:06,2025-4-23 18:58:6,-22.713323,-47.628519,544.100000,0.88,10
2025-04-23 15:58:07,2025-4-23 18:58:7,-22.713327,-47.628502,544.100000,0.88,10
2025-04-23 15:58:08,2025-4-23 18:58:8,-22.713334,-47.628486,544.000000,0.88,10
2025-04-23 15:58:09,2025-4-23 18:58:9,-22.713344,-47.628471,543.900000,0.88,10
2025-04-23 15:58:10,2025-4-23 18:58:10,-22.713356,-47.628459,543.900000,0.88,10
2025-04-23 15:58:12,2025-4-23 18:58:11,-22.713370,-47.628450,543.900000,0.88,10
2025-04-23 15:58:13,2025-4-23 18:58:13,-22.713402,-47.628440,543.900000,0.88,10
2025-04-23 15:58:14,2025-4-23 18:58:14,-22.713418,-47.628441,543.900000,0.88,10
2025-04-23 15:58:15,2025-4-23 18:58:15,-22.713434,-47.628444,543.900000,0.88,10
2025-04-23 15:58:16,2025-4-23 18:58:16,-22.713450,-47.628450,543.800000,0.88,10
2025-04-23 15:58:17,2025-4-23 18:58:17,-22.713464,-47.628460,543.700000,0.88,10
2025-04-23 15:58:18,2025-4-23 18:58:18,-22.713477,-47.628473,543.800000,0.88,10
2025-04-23 15:58:19,2025-4-23 18:58:19,-22.713487,-47.628487,544.000000,0.88,10
2025-04-23 15:58:20,2025-4-23 18:58:20,-22.713495,-47.628503,543.900000,0.88,10
2025-04-23 15:58:21,2025-4-23 18:58:21,-22.713500,-47.628521,543.900000,0.88,10
2025-04-23 15:58:22,2025-4-23 18:58:22,-22.713501,-47.628539,544.000000,0.88,10
2025-04-23 15:58:23,2025-4-23 18:58:23,-22.713500,-47.628557,544.000000,0.88,10
2025-04-23 15:58:25,2025-4-23 18:58:24,-22.713496,-47.628574,544.000000,0.88,10
2025-04-23 15:58:26,2025-4-23 18:58:26,-22.713478,-47.628605,543.900000,0.88,10
2025-04-23 15:58:27,2025-4-23 18:58:27,-22.713466,-47.628616,544.000000,0.88,10
2025-04-23 15:58:28,2025-4-23 18:58:28,-22.713452,-47.628626,544.100000,0.88,10
2025-04-23 15:58:29,2025-4-23 18:58:29,-22.713437,-47.628633,544.100000,0.88,10
2025-04-23 15:58:30,2025-4-23 18:58:30,-22.713421,-47.628636,544.300000,0.88,10
2025-04-23 15:58:31,2025-4-23 18:58:31,-22.713404,-47.628636,544.200000,0.88,10
2025-04-23 15:58:32,2025-4-23 18:58:32,-22.713388,-47.628632,544.300000,0.88,10
2025-04-23 15:58:33,2025-4-23 18:58:33,-22.713372,-47.628626,544.400000,0.88,10
2025-04-23 15:58:34,2025-4-23 18:58:34,-22.713358,-47.628617,544.300000,0.88,10
2025-04-23 15:58:35,2025-4-23 18:58:35,-22.713345,-47.628604,544.300000,0.88,10
2025-04-23 15:58:36,2025-4-23 18:58:36,-22.713335,-47.628589,544.400000,0.88,10
2025-04-23 15:58:38,2025-4-23 18:58:37,-22.713328,-47.628572,544.400000,0.88,10
2025-04-23 15:58:39,2025-4-23 18:58:39,-22.713321,-47.628537,544.500000,0.88,10
2025-04-23 15:58:40,2025-4-23 18:58:40,-22.713322,-47.628519,544.500000,0.88,10
2025-04-23 15:58:41,2025-4-23 18:58:41,-22.713326,-47.628502,544.600000,0.88,10
2025-04-23 15:58:42,2025-4-23 18:58:42,-22.713333,-47.628485,544.600000,0.88,10
2025-04-23 15:58:43,2025-4-23 18:58:43,-22.713343,-47.628471,544.500000,0.88,10
2025-04-23 15:58:44,2025-4-23 18:58:44,-22.713355,-47.628459,544.400000,0.88,10
2025-04-23 15:58:45,2025-4-23 18:58:45,-22.713369,-47.628450,544.300000,0.88,10
2025-04-23 15:58:46,2025-4-23 18:58:46,-22.713384,-47.628444,544.200000,0.88,10
2025-04-23 15:58:47,2025-4-23 18:58:47,-22.713399,-47.628441,544.200000,0.88,10
2025-04-23 15:58:48,2025-4-23 18:58:48,-22.713417,-47.628441,544.000000,0.88,10
2025-04-23 15:58:50,2025-4-23 18:58:49,-22.713433,-47.628444,543.900000,0.88,10
2025-04-23 15:58:51,2025-4-23 18:58:51,-22.713462,-47.628460,544.000000,0.88,10
2025-04-23 15:58:52,2025-4-23 18:58:52,-22.713475,-47.628472,544.100000,0.88,10
2025-04-23 15:58:53,2025-4-23 18:58:53,-22.713486,-47.628487,544.100000,0.88,10
2025-04-23 15:58:54,2025-4-23 18:58:54,-22.713493,-47.628502,544.100000,0.88,10
2025-04-23 15:58:55,2025-4-23 18:58:55,-22.713498,-47.628519,544.100000,0.88,10
2025-04-23 15:58:56,2025-4-23 18:58:56,-22.713500,-47.628537,543.900000,0.88,10
2025-04-23 15:58:57,2025-4-23 18:58:57,-22.713499,-47.628555,544.000000,0.88,10
2025-04-23 15:58:58,2025-4-23 18:58:58,-22.713495,-47.628573,544.000000,0.88,10
2025-04-23 15:58:59,2025-4-23 18:58:59,-22.713488,-47.628589,543.900000,0.88,10
2025-04-23 15:59:00,2025-4-23 18:59:0,-22.713479,-47.628604,544.100000,0.88,10
2025-04-23 15:59:01,2025-4-23 18:59:1,-22.713466,-47.628617,544.200000,0.88,10
2025-04-23 15:59:03,2025-4-23 18:59:2,-22.713452,-47.628627,544.300000,0.88,10
2025-04-23 15:59:04,2025-4-23 18:59:4,-22.713421,-47.628637,544.300000,0.88,10
2025-04-23 15:59:05,2025-4-23 18:59:5,-22.713404,-47.628637,544.100000,0.88,10
2025-04-23 15:59:06,2025-4-23 18:59:6,-22.713388,-47.628634,544.100000,0.88,10
2025-04-23 15:59:07,2025-4-23 18:59:7,-22.713373,-47.628628,544.200000,0.88,10
2025-04-23 15:59:08,2025-4-23 18:59:8,-22.713359,-47.628618,544.100000,0.88,10
2025-04-23 15:59:09,2025-4-23 18:59:9,-22.713346,-47.628606,544.100000,0.88,10
2025-04-23 15:59:10,2025-4-23 18:59:10,-22.713336,-47.628591,544.000000,0.88,10
2025-04-23 15:59:11,2025-4-23 18:59:11,-22.713328,-47.628575,544.000000,0.88,10
2025-04-23 15:59:12,2025-4-23 18:59:12,-22.713323,-47.628558,544.100000,0.88,10
2025-04-23 15:59:13,2025-4-23 18:59:13,-22.713321,-47.628539,544.100000,0.88,10
2025-04-23 15:59:14,2025-4-23 18:59:14,-22.713322,-47.628521,544.100000,0.88,10
2025-04-23 15:59:16,2025-4-23 18:59:15,-22.713326,-47.628504,544.000000,0.88,10
2025-04-23 15:59:17,2025-4-23 18:59:17,-22.713342,-47.628474,543.900000,0.88,10
2025-04-23 15:59:18,2025-4-23 18:59:18,-22.713354,-47.628461,543.800000,0.88,10
2025-04-23 15:59:19,2025-4-23 18:59:19,-22.713368,-47.628452,543.700000,0.88,10
2025-04-23 15:59:20,2025-4-23 18:59:20,-22.713384,-47.628446,543.500000,0.88,10
2025-04-23 15:59:21,2025-4-23 18:59:21,-22.713400,-47.628443,543.600000,0.88,10
2025-04-23 15:59:22,2025-4-23 18:59:22,-22.713416,-47.628443,543.700000,0.88,10
2025-04-23 15:59:23,2025-4-23 18:59:23,-22.713432,-47.628445,543.800000,0.88,10
2025-04-23 15:59:24,2025-4-23 18:59:24,-22.713448,-47.628451,543.700000,0.88,10
2025-04-23 15:59:25,2025-4-23 18:59:25,-22.713462,-47.628460,543.600000,0.88,10
2025-04-23 15:59:26,2025-4-23 18:59:26,-22.713475,-47.628472,543.600000,0.88,10
2025-04-23 15:59:27,2025-4-23 18:59:27,-22.713486,-47.628486,543.400000,0.88,10
2025-04-23 15:59:28,2025-4-23 18:59:28,-22.713494,-47.628502,543.400000,0.88,10
2025-04-23 15:59:30,2025-4-23 18:59:29,-22.713498,-47.628520,543.300000,0.88,10
2025-04-23 15:59:31,2025-4-23 18:59:31,-22.713499,-47.628555,543.400000,0.88,10
2025-04-23 15:59:32,2025-4-23 18:59:32,-22.713495,-47.628573,543.600000,0.88,10
2025-04-23 15:59:33,2025-4-23 18:59:33,-22.713488,-47.628589,543.600000,0.88,10
2025-04-23 15:59:34,2025-4-23 18:59:34,-22.713478,-47.628604,543.600000,0.88,10
2025-04-23 15:59:35,2025-4-23 18:59:35,-22.713466,-47.628616,543.800000,0.88,10
2025-04-23 15:59:36,2025-4-23 18:59:36,-22.713452,-47.628627,543.800000,0.97,9
2025-04-23 15:59:37,2025-4-23 18:59:37,-22.713437,-47.628634,544.000000,0.88,10
2025-04-23 15:59:38,2025-4-23 18:59:38,-22.713421,-47.628638,544.200000,0.88,10
2025-04-23 15:59:39,2025-4-23 18:59:39,-22.713404,-47.628638,544.300000,0.88,10
2025-04-23 15:59:40,2025-4-23 18:59:40,-22.713388,-47.628635,544.400000,0.88,10
2025-04-23 15:59:41,2025-4-23 18:59:41,-22.713372,-47.628628,544.400000,0.88,10
2025-04-23 15:59:43,2025-4-23 18:59:42,-22.713358,-47.628620,544.300000,0.88,10
2025-04-23 15:59:44,2025-4-23 18:59:44,-22.713334,-47.628593,544.500000,0.88,10
2025-04-23 15:59:45,2025-4-23 18:59:45,-22.713326,-47.628576,544.700000,0.88,10
2025-04-23 15:59:46,2025-4-23 18:59:46,-22.713321,-47.628559,544.800000,0.88,10
2025-04-23 15:59:47,2025-4-23 18:59:47,-22.713318,-47.628541,545.000000,0.88,10
2025-04-23 15:59:48,2025-4-23 18:59:48,-22.713319,-47.628523,545.000000,0.88,10
2025-04-23 15:59:49,2025-4-23 18:59:49,-22.713323,-47.628506,545.000000,0.88,10
2025-04-23 15:59:50,2025-4-23 18:59:50,-22.713330,-47.628489,545.000000,0.88,10
2025-04-23 15:59:51,2025-4-23 18:59:51,-22.713339,-47.628475,544.900000,0.88,10
2025-04-23 15:59:52,2025-4-23 18:59:52,-22.713351,-47.628462,544.900000,0.88,10
2025-04-23 15:59:53,2025-4-23 18:59:53,-22.713365,-47.628452,544.700000,0.88,10
2025-04-23 15:59:54,2025-4-23 18:59:54,-22.713380,-47.628445,544.800000,0.88,10
2025-04-23 15:59:56,2025-4-23 18:59:55,-22.713397,-47.628441,544.800000,0.88,10
2025-04-23 15:59:57,2025-4-23 18:59:57,-22.713429,-47.628445,544.700000,0.88,10
2025-04-23 15:59:58,2025-4-23 18:59:58,-22.713445,-47.628450,544.400000,0.88,10
2025-04-23 15:59:59,2025-4-23 18:59:59,-22.713459,-47.628458,544.400000,0.88,10
2025-04-23 16:00:00,2025-4-23 19:0:0,-22.713472,-47.628469,544.400000,0.88,10
2025-04-23 16:00:01,2025-4-23 19:0:1,-22.713483,-47.628482,544.400000,0.88,10
2025-04-23 16:00:02,2025-4-23 19:0:2,-22.713491,-47.628498,544.300000,0.88,10
2025-04-23 16:00:03,2025-4-23 19:0:3,-22.713496,-47.628516,544.400000,0.88,10
2025-04-23 16:00:04,2025-4-23 19:0:4,-22.713499,-47.628534,544.300000,0.88,10
2025-04-23 16:00:05,2025-4-23 19:0:5,-22.713499,-47.628553,544.300000,0.88,10
2025-04-23 16:00:06,2025-4-23 19:0:6,-22.713495,-47.628570,544.400000,0.88,10
2025-04-23 16:00:07,2025-4-23 19:0:7,-22.713489,-47.628587,544.300000,0.88,10
2025-04-23 16:00:09,2025-4-23 19:0:8,-22.713479,-47.628601,544.400000,0.88,10
2025-04-23 16:00:10,2025-4-23 19:0:10,-22.713454,-47.628624,544.500000,0.88,10
2025-04-23 16:00:11,2025-4-23 19:0:11,-22.713439,-47.628631,544.700000,0.88,10
2025-04-23 16:00:12,2025-4-23 19:0:12,-22.713422,-47.628635,544.700000,0.88,10
2025-04-23 16:00:13,2025-4-23 19:0:13,-22.713406,-47.628635,544.800000,0.97,9
2025-04-23 16:00:14,2025-4-23 19:0:14,-22.713389,-47.628632,544.900000,0.89,10
2025-04-23 16:00:15,2025-4-23 19:0:15,-22.713373,-47.628627,544.900000,0.97,9
2025-04-23 16:00:16,2025-4-23 19:0:16,-22.713359,-47.628618,545.000000,0.89,10
2025-04-23 16:00:17,2025-4-23 19:0:17,-22.713346,-47.628607,545.100000,0.89,10
2025-04-23 16:00:18,2025-4-23 19:0:18,-22.713336,-47.628593,545.100000,0.89,10
2025-04-23 16:00:19,2025-4-23 19:0:19,-22.713328,-47.628577,545.100000,0.89,10
2025-04-23 16:00:20,2025-4-23 19:0:20,-22.713323,-47.628560,545.200000,0.89,10
2025-04-23 16:00:22,2025-4-23 19:0:21,-22.713320,-47.628542,545.200000,0.89,10
2025-04-23 16:00:23,2025-4-23 19:0:23,-22.713324,-47.628506,545.200000,0.89,10
2025-04-23 16:00:24,2025-4-23 19:0:24,-22.713331,-47.628490,545.100000,0.89,10
2025-04-23 16:00:25,2025-4-23 19:0:25,-22.713340,-47.628475,544.900000,0.89,10
2025-04-23 16:00:26,2025-4-23 19:0:26,-22.713351,-47.628462,544.900000,0.89,10
2025-04-23 16:00:27,2025-4-23 19:0:27,-22.713364,-47.628452,545.000000,0.89,10
2025-04-23 16:00:28,2025-4-23 19:0:28,-22.713380,-47.628445,544.900000,0.89,10
2025-04-23 16:00:29,2025-4-23 19:0:29,-22.713396,-47.628441,544.800000,0.89,10
2025-04-23 16:00:30,2025-4-23 19:0:30,-22.713413,-47.628440,544.900000,0.89,10
2025-04-23 16:00:31,2025-4-23 19:0:31,-22.713429,-47.628443,544.800000,0.89,10
2025-04-23 16:00:32,2025-4-23 19:0:32,-22.713445,-47.628450,544.700000,0.89,10
2025-04-23 16:00:33,2025-4-23 19:0:33,-22.713459,-47.628459,544.500000,0.89,10
2025-04-23 16:00:34,2025-4-23 19:0:34,-22.713473,-47.628471,544.500000,0.89,10
2025-04-23 16:00:36,2025-4-23 19:0:36,-22.713492,-47.628500,544.300000,0.89,10
2025-04-23 16:00:37,2025-4-23 19:0:37,-22.713498,-47.628517,544.100000,0.89,10
2025-04-23 16:00:38,2025-4-23 19:0:38,-22.713501,-47.628535,544.100000,0.89,10
2025-04-23 16:00:39,2025-4-23 19:0:39,-22.713500,-47.628553,544.100000,0.89,10
2025-04-23 16:00:40,2025-4-23 19:0:40,-22.713497,-47.628570,544.000000,0.89,10
2025-04-23 16:00:41,2025-4-23 19:0:41,-22.713491,-47.628587,543.800000,0.89,10
2025-04-23 16:00:42,2025-4-23 19:0:42,-22.713481,-47.628602,543.800000,0.89,10
2025-04-23 16:00:43,2025-4-23 19:0:43,-22.713469,-47.628615,543.900000,0.89,10
2025-04-23 16:00:44,2025-4-23 19:0:44,-22.713455,-47.628625,544.000000,0.89,10
2025-04-23 16:00:45,2025-4-23 19:0:45,-22.713440,-47.628633,543.900000,0.89,10
2025-04-23 16:00:46,2025-4-23 19:0:46,-22.713424,-47.628638,543.900000,0.89,10
2025-04-23 16:00:47,2025-4-23 19:0:47,-22.713409,-47.628638,544.000000,0.89,10
2025-04-23 16:00:49,2025-4-23 19:0:48,-22.713393,-47.628635,543.900000,0.89,10
2025-04-23 16:00:50,2025-4-23 19:0:50,-22.713362,-47.628621,544.000000,0.89,10
2025-04-23 16:00:51,2025-4-23 19:0:51,-22.713350,-47.628609,543.900000,0.89,10
2025-04-23 16:00:52,2025-4-23 19:0:52,-22.713339,-47.628595,543.900000,0.89,10
2025-04-23 16:00:53,2025-4-23 19:0:53,-22.713331,-47.628579,544.000000,0.89,10
2025-04-23 16:00:54,2025-4-23 19:0:54,-22.713326,-47.628562,544.000000,0.89,10
2025-04-23 16:00:55,2025-4-23 19:0:55,-22.713323,-47.628543,544.100000,0.89,10
2025-04-23 16:00:56,2025-4-23 19:0:56,-22.713323,-47.628525,544.200000,0.89,10
2025-04-23 16:00:57,2025-4-23 19:0:57,-22.713327,-47.628507,544.200000,0.89,10
2025-04-23 16:00:58,2025-4-23 19:0:58,-22.713334,-47.628491,544.200000,0.89,10
2025-04-23 16:00:59,2025-4-23 19:0:59,-22.713343,-47.628477,544.100000,0.89,10
2025-04-23 16:01:00,2025-4-23 19:1:0,-22.713354,-47.628464,544.200000,0.89,10
2025-04-23 16:01:02,2025-4-23 19:1:1,-22.713368,-47.628454,544.200000,0.89,10
2025-04-23 16:01:03,2025-4-23 19:1:3,-22.713398,-47.628444,544.100000,0.89,10
2025-04-23 16:01:04,2025-4-23 19:1:4,-22.713415,-47.628444,543.900000,0.89,10
2025-04-23 16:01:05,2025-4-23 19:1:5,-22.713431,-47.628447,543.800000,0.89,10
2025-04-23 16:01:06,2025-4-23 19:1:6,-22.713447,-47.628452,543.600000,0.89,10
2025-04-23 16:01:07,2025-4-23 19:1:7,-22.713462,-47.628460,543.600000,0.89,10
2025-04-23 16:01:08,2025-4-23 19:1:8,-22.713475,-47.628472,543.600000,0.89,10
2025-04-23 16:01:09,2025-4-23 19:1:9,-22.713486,-47.628485,543.700000,0.89,10
2025-04-23 16:01:10,2025-4-23 19:1:10,-22.713494,-47.628500,543.700000,0.89,10
2025-04-23 16:01:11,2025-4-23 19:1:11,-22.713499,-47.628517,543.800000,0.89,10
2025-04-23 16:01:12,2025-4-23 19:1:12,-22.713501,-47.628535,543.800000,0.89,10
2025-04-23 16:01:13,2025-4-23 19:1:13,-22.713501,-47.628554,543.800000,0.89,10
2025-04-23 16:01:14,2025-4-23 19:1:14,-22.713498,-47.628572,543.800000,0.89,10
2025-04-23 16:01:16,2025-4-23 19:1:15,-22.713491,-47.628588,543.900000,0.89,10
2025-04-23 16:01:17,2025-4-23 19:1:17,-22.713470,-47.628617,544.000000,0.96,9
2025-04-23 16:01:18,2025-4-23 19:1:18,-22.713456,-47.628627,544.100000,0.89,10
2025-04-23 16:01:19,2025-4-23 19:1:19,-22.713441,-47.628634,544.200000,0.89,10
2025-04-23 16:01:20,2025-4-23 19:1:20,-22.713426,-47.628638,544.300000,0.89,10
2025-04-23 16:01:21,2025-4-23 19:1:21,-22.713410,-47.628638,544.200000,0.89,10
2025-04-23 16:01:22,2025-4-23 19:1:22,-22.713393,-47.628636,544.200000,0.89,10
2025-04-23 16:01:23,2025-4-23 19:1:23,-22.713377,-47.628630,544.400000,0.89,10
2025-04-23 16:01:24,2025-4-23 19:1:24,-22.713363,-47.628622,544.300000,0.89,10
2025-04-23 16:01:25,2025-4-23 19:1:25,-22.713350,-47.628610,544.300000,0.89,10
2025-04-23 16:01:26,2025-4-23 19:1:26,-22.713340,-47.628596,544.300000,0.89,10
2025-04-23 16:01:27,2025-4-23 19:1:27,-22.713332,-47.628579,544.200000,0.89,10
2025-04-23 16:01:29,2025-4-23 19:1:28,-22.713327,-47.628562,544.300000,0.89,10
2025-04-23 16:01:30,2025-4-23 19:1:30,-22.713324,-47.628526,544.400000,0.89,10
2025-04-23 16:01:31,2025-4-23 19:1:31,-22.713327,-47.628508,544.600000,0.89,10
2025-04-23 16:01:32,2025-4-23 19:1:32,-22.713334,-47.628492,544.500000,0.89,10
2025-04-23 16:01:33,2025-4-23 19:1:33,-22.713343,-47.628477,544.400000,0.89,10
2025-04-23 16:01:34,2025-4-23 19:1:34,-22.713355,-47.628464,544.500000,0.89,10
2025-04-23 16:01:35,2025-4-23 19:1:35,-22.713369,-47.628453,544.400000,0.89,10
2025-04-23 16:01:36,2025-4-23 19:1:36,-22.713383,-47.628446,544.400000,0.89,10
2025-04-23 16:01:37,2025-4-23 19:1:37,-22.713399,-47.628441,544.400000,0.89,10
2025-04-23 16:01:38,2025-4-23 19:1:38,-22.713415,-47.628440,544.400000,0.89,10
2025-04-23 16:01:39,2025-4-23 19:1:39,-22.713432,-47.628442,544.500000,0.89,10
2025-04-23 16:01:40,2025-4-23 19:1:40,-22.713448,-47.628447,544.400000,0.94,9
2025-04-23 16:01:42,2025-4-23 19:1:41,-22.713462,-47.628455,544.400000,0.94,9
2025-04-23 16:01:43,2025-4-23 19:1:43,-22.713488,-47.628479,544.300000,0.94,9
2025-04-23 16:01:44,2025-4-23 19:1:44,-22.713496,-47.628494,544.300000,0.89,10
2025-04-23 16:01:45,2025-4-23 19:1:45,-22.713501,-47.628511,544.400000,0.89,10
2025-04-23 16:01:46,2025-4-23 19:1:46,-22.713504,-47.628529,544.500000,0.89,10
2025-04-23 16:01:47,2025-4-23 19:1:47,-22.713504,-47.628548,544.600000,0.89,10
2025-04-23 16:01:48,2025-4-23 19:1:48,-22.713501,-47.628565,544.600000,0.89,10
2025-04-23 16:01:49,2025-4-23 19:1:49,-22.713495,-47.628582,544.700000,0.89,10
2025-04-23 16:01:50,2025-4-23 19:1:50,-22.713486,-47.628597,544.700000,0.89,10
2025-04-23 16:01:51,2025-4-23 19:1:51,-22.713474,-47.628611,544.900000,0.89,10
2025-04-23 16:01:52,2025-4-23 19:1:52,-22.713461,-47.628621,545.000000,0.89,10
2025-04-23 16:01:53,2025-4-23 19:1:53,-22.713446,-47.628629,545.000000,0.89,10
2025-04-23 16:01:55,2025-4-23 19:1:54,-22.713430,-47.628633,544.900000,0.89,10
2025-04-23 16:01:56,2025-4-23 19:1:56,-22.713396,-47.628633,544.700000,0.97,9
2025-04-23 16:01:57,2025-4-23 19:1:57,-22.713381,-47.628627,544.900000,0.89,10
2025-04-23 16:01:58,2025-4-23 19:1:58,-22.713366,-47.628618,544.900000,0.89,10
2025-04-23 16:01:59,2025-4-23 19:1:59,-22.713352,-47.628608,544.900000,0.89,10
2025-04-23 16:02:00,2025-4-23 19:2:0,-22.713342,-47.628594,544.800000,0.89,10
2025-04-23 16:02:01,2025-4-23 19:2:1,-22.713333,-47.628578,544.700000,0.89,10
2025-04-23 16:02:02,2025-4-23 19:2:2,-22.713327,-47.628560,544.800000,0.89,10
2025-04-23 16:02:03,2025-4-23 19:2:3,-22.713324,-47.628542,544.800000,0.89,10
2025-04-23 16:02:04,2025-4-23 19:2:4,-22.713324,-47.628524,544.800000,0.89,10
2025-04-23 16:02:05,2025-4-23 19:2:5,-22.713327,-47.628506,544.800000,0.89,10
2025-04-23 16:02:06,2025-4-23 19:2:6,-22.713334,-47.628490,544.800000,0.89,10
2025-04-23 16:02:08,2025-4-23 19:2:7,-22.713343,-47.628475,544.700000,0.89,10
2025-04-23 16:02:09,2025-4-23 19:2:9,-22.713368,-47.628452,544.700000,0.89,10
2025-04-23 16:02:10,2025-4-23 19:2:10,-22.713383,-47.628444,544.600000,0.89,10
2025-04-23 16:02:11,2025-4-23 19:2:11,-22.713398,-47.628441,544.500000,0.89,10
2025-04-23 16:02:12,2025-4-23 19:2:12,-22.713414,-47.628439,544.400000,0.89,10
2025-04-23 16:02:13,2025-4-23 19:2:13,-22.713431,-47.628442,544.300000,0.89,10
2025-04-23 16:02:14,2025-4-23 19:2:14,-22.713446,-47.628447,544.300000,0.89,10
2025-04-23 16:02:15,2025-4-23 19:2:15,-22.713461,-47.628456,544.200000,0.89,10
2025-04-23 16:02:16,2025-4-23 19:2:16,-22.713474,-47.628468,544.300000,0.89,10
2025-04-23 16:02:17,2025-4-23 19:2:17,-22.713485,-47.628482,544.300000,0.89,10
2025-04-23 16:02:18,2025-4-23 19:2:18,-22.713493,-47.628497,544.400000,0.89,10
2025-04-23 16:02:19,2025-4-23 19:2:19,-22.713499,-47.628514,544.500000,0.89,10
2025-04-23 16:02:21,2025-4-23 19:2:20,-22.713502,-47.628532,544.300000,0.89,10
2025-04-23 16:02:22,2025-4-23 19:2:22,-22.713499,-47.628568,544.300000,0.89,10
2025-04-23 16:02:23,2025-4-23 19:2:23,-22.713493,-47.628585,544.300000,0.89,10
2025-04-23 16:02:24,2025-4-23 19:2:24,-22.713483,-47.628600,544.400000,0.89,10
2025-04-23 16:02:25,2025-4-23 19:2:25,-22.713472,-47.628612,544.600000,0.89,10
2025-04-23 16:02:26,2025-4-23 19:2:26,-22.713459,-47.628623,544.600000,0.89,10
2025-04-23 16:02:27,2025-4-23 19:2:27,-22.713444,-47.628630,544.600000,0.89,10
2025-04-23 16:02:28,2025-4-23 19:2:28,-22.713428,-47.628634,544.700000,0.89,10
2025-04-23 16:02:29,2025-4-23 19:2:29,-22.713412,-47.628635,544.800000,0.89,10
2025-04-23 16:02:30,2025-4-23 19:2:30,-22.713396,-47.628633,544.900000,0.89,10
2025-04-23 16:02:31,2025-4-23 19:2:31,-22.713379,-47.628629,544.900000,0.89,10
2025-04-23 16:02:32,2025-4-23 19:2:32,-22.713364,-47.628620,544.800000,0.89,10
2025-04-23 16:02:33,2025-4-23 19:2:33,-22.713352,-47.628609,544.800000,0.89,10
2025-04-23 16:02:35,2025-4-23 19:2:35,-22.713332,-47.628580,544.800000,0.89,10
2025-04-23 16:02:36,2025-4-23 19:2:36,-22.713326,-47.628563,544.900000,0.89,10
2025-04-23 16:02:37,2025-4-23 19:2:37,-22.713323,-47.628545,545.000000,0.89,10
2025-04-23 16:02:38,2025-4-23 19:2:38,-22.713323,-47.628526,544.900000,0.89,10
2025-04-23 16:02:39,2025-4-23 19:2:39,-22.713325,-47.628508,545.000000,0.89,10
2025-04-23 16:02:40,2025-4-23 19:2:40,-22.713331,-47.628492,545.000000,0.89,10
2025-04-23 16:02:41,2025-4-23 19:2:41,-22.713340,-47.628477,544.900000,0.89,10
2025-04-23 16:02:42,2025-4-23 19:2:42,-22.713351,-47.628464,545.000000,0.89,10
2025-04-23 16:02:43,2025-4-23 19:2:43,-22.713364,-47.628453,544.900000,0.89,10
2025-04-23 16:02:44,2025-4-23 19:2:44,-22.713379,-47.628446,544.800000,0.89,10
2025-04-23 16:02:45,2025-4-23 19:2:45,-22.713395,-47.628442,544.700000,0.89,10
2025-04-23 16:02:46,2025-4-23 19:2:46,-22.713411,-47.628440,544.600000,0.89,10
2025-04-23 16:02:48,2025-4-23 19:2:47,-22.713427,-47.628442,544.700000,0.89,10
2025-04-23 16:02:49,2025-4-23 19:2:49,-22.713458,-47.628456,544.500000,0.89,10
2025-04-23 16:02:50,2025-4-23 19:2:50,-22.713472,-47.628466,544.500000,0.89,10
2025-04-23 16:02:51,2025-4-23 19:2:51,-22.713483,-47.628479,544.500000,0.89,10
2025-04-23 16:02:52,2025-4-23 19:2:52,-22.713492,-47.628493,544.800000,0.89,10
2025-04-23 16:02:53,2025-4-23 19:2:53,-22.713499,-47.628509,544.700000,0.89,10
2025-04-23 16:02:54,2025-4-23 19:2:54,-22.713502,-47.628528,544.600000,0.89,10
2025-04-23 16:02:55,2025-4-23 19:2:55,-22.713503,-47.628547,544.600000,0.89,10
2025-04-23 16:02:56,2025-4-23 19:2:56,-22.713500,-47.628564,544.600000,0.89,10
2025-04-23 16:02:57,2025-4-23 19:2:57,-22.713495,-47.628581,544.200000,0.89,10
2025-04-23 16:02:58,2025-4-23 19:2:58,-22.713486,-47.628597,544.100000,0.89,10
2025-04-23 16:02:59,2025-4-23 19:2:59,-22.713475,-47.628609,544.100000,0.89,10
2025-04-23 16:03:00,2025-4-23 19:3:0,-22.713461,-47.628620,544.100000,0.89,10
2025-04-23 16:03:02,2025-4-23 19:3:1,-22.713446,-47.628628,544.000000,0.98,9
2025-04-23 16:03:03,2025-4-23 19:3:3,-22.713413,-47.628634,544.000000,0.89,10
2025-04-23 16:03:04,2025-4-23 19:3:4,-22.713396,-47.628633,544.100000,0.89,10
2025-04-23 16:03:05,2025-4-23 19:3:5,-22.713380,-47.628627,544.200000,0.89,10
2025-04-23 16:03:06,2025-4-23 19:3:6,-22.713366,-47.628619,544.400000,0.89,10
2025-04-23 16:03:07,2025-4-23 19:3:7,-22.713352,-47.628608,544.300000,0.89,10
2025-04-23 16:03:08,2025-4-23 19:3:8,-22.713341,-47.628594,544.300000,0.89,10
2025-04-23 16:03:09,2025-4-23 19:3:9,-22.713332,-47.628579,544.200000,0.89,10
2025-04-23 16:03:10,2025-4-23 19:3:10,-22.713326,-47.628562,544.400000,0.89,10
2025-04-23 16:03:11,2025-4-23 19:3:11,-22.713323,-47.628544,544.500000,0.89,10
2025-04-23 16:03:12,2025-4-23 19:3:12,-22.713323,-47.628526,544.600000,0.89,10
2025-04-23 16:03:13,2025-4-23 19:3:13,-22.713326,-47.628508,544.600000,0.89,10
2025-04-23 16:03:15,2025-4-23 19:3:14,-22.713332,-47.628492,544.500000,0.89,10
2025-04-23 16:03:16,2025-4-23 19:3:16,-22.713351,-47.628463,544.600000,0.89,10
2025-04-23 16:03:17,2025-4-23 19:3:17,-22.713364,-47.628452,544.700000,0.89,10
2025-04-23 16:03:18,2025-4-23 19:3:18,-22.713379,-47.628444,544.500000,0.89,10
2025-04-23 16:03:19,2025-4-23 19:3:19,-22.713395,-47.628439,544.400000,0.89,10
2025-04-23 16:03:20,2025-4-23 19:3:20,-22.713411,-47.628438,544.400000,0.89,10
2025-04-23 16:03:21,2025-4-23 19:3:21,-22.713428,-47.628439,544.300000,0.89,10
2025-04-23 16:03:22,2025-4-23 19:3:22,-22.713444,-47.628444,544.500000,0.89,10
2025-04-23 16:03:23,2025-4-23 19:3:23,-22.713459,-47.628452,544.400000,0.94,9
2025-04-23 16:03:24,2025-4-23 19:3:24,-22.713472,-47.628463,544.400000,0.94,9
2025-04-23 16:03:25,2025-4-23 19:3:25,-22.713484,-47.628477,544.400000,0.89,10
2025-04-23 16:03:26,2025-4-23 19:3:26,-22.713493,-47.628493,544.500000,0.89,10
2025-04-23 16:03:28,2025-4-23 19:3:27,-22.713499,-47.628510,544.500000,0.89,10
2025-04-23 16:03:29,2025-4-23 19:3:29,-22.713502,-47.628545,544.400000,0.89,10
2025-04-23 16:03:30,2025-4-23 19:3:30,-22.713499,-47.628563,544.500000,0.89,10
2025-04-23 16:03:31,2025-4-23 19:3:31,-22.713493,-47.628580,544.400000,0.89,10
2025-04-23 16:03:32,2025-4-23 19:3:32,-22.713484,-47.628596,544.400000,0.89,10
2025-04-23 16:03:33,2025-4-23 19:3:33,-22.713473,-47.628609,544.400000,0.89,10
2025-04-23 16:03:34,2025-4-23 19:3:34,-22.713459,-47.628619,544.400000,0.89,10
2025-04-23 16:03:35,2025-4-23 19:3:35,-22.713444,-47.628627,544.500000,0.89,10
2025-04-23 16:03:36,2025-4-23 19:3:36,-22.713428,-47.628632,544.600000,0.89,10
2025-04-23 16:03:37,2025-4-23 19:3:37,-22.713411,-47.628634,544.600000,0.89,10
2025-04-23 16:03:38,2025-4-23 19:3:38,-22.713396,-47.628632,544.700000,0.89,10
2025-04-23 16:03:39,2025-4-23 19:3:39,-22.713380,-47.628628,544.700000,0.89,10
2025-04-23 16:03:41,2025-4-23 19:3:40,-22.713365,-47.628620,544.600000,0.89,10
2025-04-23 16:03:42,2025-4-23 19:3:42,-22.713340,-47.628596,544.600000,0.89,10
2025-04-23 16:03:43,2025-4-23 19:3:43,-22.713332,-47.628580,544.600000,0.89,10
2025-04-23 16:03:44,2025-4-23 19:3:44,-22.713325,-47.628563,544.600000,0.89,10
2025-04-23 16:03:45,2025-4-23 19:3:45,-22.713322,-47.628546,544.600000,0.89,10
2025-04-23 16:03:46,2025-4-23 19:3:46,-22.713322,-47.628527,544.700000,0.89,10
2025-04-23 16:03:47,2025-4-23 19:3:47,-22.713324,-47.628509,544.700000,0.89,10
2025-04-23 16:03:48,2025-4-23 19:3:48,-22.713330,-47.628493,544.600000,0.89,10
2025-04-23 16:03:49,2025-4-23 19:3:49,-22.713338,-47.628478,544.400000,0.89,10
2025-04-23 16:03:50,2025-4-23 19:3:50,-22.713349,-47.628464,544.500000,0.89,10
2025-04-23 16:03:51,2025-4-23 19:3:51,-22.713361,-47.628453,544.400000,0.89,10
2025-04-23 16:03:52,2025-4-23 19:3:52,-22.713376,-47.628445,544.500000,0.89,10
2025-04-23 16:03:54,2025-4-23 19:3:53,-22.713392,-47.628440,544.400000,0.89,10
2025-04-23 16:03:55,2025-4-23 19:3:55,-22.713424,-47.628440,544.400000,0.89,10
2025-04-23 16:03:56,2025-4-23 19:3:56,-22.713440,-47.628447,544.300000,0.89,10
2025-04-23 16:03:57,2025-4-23 19:3:57,-22.713454,-47.628456,544.100000,0.89,10
2025-04-23 16:03:58,2025-4-23 19:3:58,-22.713467,-47.628467,544.200000,0.89,10
2025-04-23 16:03:59,2025-4-23 19:3:59,-22.713478,-47.628480,544.3