ID;trksegID;lat;lon;ele;time
1;1;-22.713.355.561.718.300;-47.628.639.433.532.900;5.418.402.099.609.370;2025-04-25T13:46:00Z
2;1;-22.713.348.520.919.600;-47.628.677.068.278.100;5.533.759.765.625;2025-04-25T13:46:05Z
3;1;-22.713.348.688.557.700;-47.628.698.274.493.200;55.097.265.625;2025-04-25T13:46:10Z
4;1;-22.713.345.922.529.600;-47.628.690.982.237.400;549.050.048.828.125;2025-04-25T13:46:15Z
5;1;-22.713.342.402.130.300;-47.628.695.005.550.900;547.608.154.296.875;2025-04-25T13:46:20Z
6;1;-22.713.339.552.283.200;-47.628.690.898.418.400;547.608.154.296.875;2025-04-25T13:46:25Z
7;1;-22.713.340.725.749.700;-47.628.685.031.086.200;5.480.888.671.875;2025-04-25T13:46:30Z
8;1;-22.713.342.066.854.200;-47.628.683.103.248.400;547.608.154.296.875;2025-04-25T13:46:35Z
9;1;-22.713.342.318.311.300;-47.628.683.606.162.600;547.608.154.296.875;2025-04-25T13:46:40Z
10;1;-22.713.341.899.216.100;-4.762.868.327.088.650;547.608.154.296.875;2025-04-25T13:46:45Z
11;1;-22.713.341.899.216.100;-47.628.682.935.610.400;547.608.154.296.875;2025-04-25T13:46:50Z
12;1;-2.271.334.164.775.900;-47.628.682.600.334.200;547.608.154.296.875;2025-04-25T13:46:55Z
13;1;-2.271.334.164.775.900;-47.628.682.684.153.300;547.608.154.296.875;2025-04-25T13:47:00Z
14;1;-22.713.341.563.940.000;-47.628.682.684.153.300;547.608.154.296.875;2025-04-25T13:47:05Z
15;1;-22.713.324.464.857.500;-47.628.676.146.268.800;547.608.154.296.875;2025-04-25T13:47:10Z
16;1;-22.713.298.229.500.600;-47.628.643.959.760.600;547.608.154.296.875;2025-04-25T13:47:15Z
17;1;-22.713.285.656.645.800;-47.628.609.677.776.600;5.480.888.671.875;2025-04-25T13:47:20Z
18;1;-2.271.328.154.951.330;-47.628.572.126.850.400;5.480.888.671.875;2025-04-25T13:47:25Z
19;1;-22.713.290.518.149.700;-47.628.535.162.657.400;547.608.154.296.875;2025-04-25T13:47:30Z
20;1;-22.713.329.074.904.300;-47.628.496.522.083.800;54.712.744.140.625;2025-04-25T13:47:35Z
21;1;-22.713.401.578.366.700;-47.628.490.151.837.400;54.712.744.140.625;2025-04-25T13:47:40Z
22;1;-2.271.345.991.641.280;-47.628.563.744.947.300;546.166.259.765.625;2025-04-25T13:47:45Z
23;1;-22.713.419.012.725.300;-47.628.670.027.479.500;545.685.546.875;2025-04-25T13:47:50Z
24;1;-22.713.285.656.645.800;-47.628.630.548.715.500;545.685.546.875;2025-04-25T13:47:55Z
25;1;-22.713.346.760.720.000;-47.628.483.781.591.000;545.685.546.875;2025-04-25T13:48:00Z
26;1;-22.713.463.269.174.000;-47.628.588.387.742.600;5.447.242.431.640.620;2025-04-25T13:48:05Z
27;1;-22.713.348.353.281.600;-47.628.680.588.677.500;545.204.833.984.375;2025-04-25T13:48:10Z
28;1;-22.713.292.194.530.300;-47.628.525.104.373.600;5.447.242.431.640.620;2025-04-25T13:48:15Z
29;1;-22.713.447.930.291.200;-47.628.517.141.565.600;54.424.365.234.375;2025-04-25T13:48:20Z
30;1;-22.713.414.402.678.600;-47.628.673.631.697.800;54.424.365.234.375;2025-04-25T13:48:25Z
31;1;-22.713.279.621.675.600;-47.628.604.732.453.800;5.437.628.173.828.120;2025-04-25T13:48:30Z
32;1;-22.713.377.187.028.500;-47.628.477.830.439.800;5.437.628.173.828.120;2025-04-25T13:48:35Z
33;1;-22.713.459.581.136.700;-47.628.619.065.508.200;5.432.821.044.921.870;2025-04-25T13:48:40Z
34;1;-22.713.312.730.193.100;-47.628.666.423.261.100;5.432.821.044.921.870;2025-04-25T13:48:45Z
35;1;-22.713.309.545.069.900;-47.628.501.886.501.900;5.437.628.173.828.120;2025-04-25T13:48:50Z
36;1;-22.713.453.462.347.300;-47.628.545.556.217.400;542.801.513.671.875;2025-04-25T13:48:55Z
37;1;-2.271.337.634.883.820;-47.628.677.235.916.200;542.801.513.671.875;2025-04-25T13:49:00Z
38;1;-22.713.273.502.886.200;-4.762.856.206.856.660;5.432.821.044.921.870;2025-04-25T13:49:05Z
39;1;-22.713.403.590.023.500;-47.628.491.157.665.800;5.432.821.044.921.870;2025-04-25T13:49:10Z
40;1;-22.713.433.848.693.900;-47.628.655.191.510.900;5.418.402.099.609.370;2025-04-25T13:49:15Z
41;1;-2.271.328.498.609.360;-47.628.638.679.161.600;5.418.402.099.609.370;2025-04-25T13:49:20Z
42;1;-22.713.339.133.188.100;-4.762.847.950.682.040;5.418.402.099.609.370;2025-04-25T13:49:25Z
43;1;-22.713.458.240.032.100;-47.628.579.251.468.100;5.418.402.099.609.370;2025-04-25T13:49:30Z
44;1;-22.713.336.702.436.200;-47.628.673.044.964.600;5.418.402.099.609.370;2025-04-25T13:49:35Z
45;1;-22.713.282.303.884.600;-47.628.528.624.773.000;5.413.594.970.703.120;2025-04-25T13:49:40Z
46;1;-22.713.430.747.389.700;-47.628.512.028.604.700;54.087.890.625;2025-04-25T13:49:45Z
47;1;-2.271.340.761.333.700;-47.628.682.181.239.100;5.403.983.154.296.870;2025-04-25T13:49:50Z
48;1;-22.713.270.653.039.200;-47.628.614.204.004.400;54.087.890.625;2025-04-25T13:49:55Z
49;1;-22.713.368.972.763.400;-47.628.488.140.180.700;54.087.890.625;2025-04-25T13:50:00Z
50;1;-22.713.452.540.338.000;-4.762.862.510.047.850;5.418.402.099.609.370;2025-04-25T13:50:05Z
51;1;-22.713.308.790.698.600;-476.286.715.362.221;5.418.402.099.609.370;2025-04-25T13:50:10Z
52;1;-22.713.306.108.489.600;-47.628.503.562.882.500;5.418.402.099.609.370;2025-04-25T13:50:15Z
53;1;-22.713.451.450.690.600;-47.628.549.663.349.900;5.413.594.970.703.120;2025-04-25T13:50:20Z
54;1;-22.713.373.079.895.900;-47.628.685.114.905.200;54.087.890.625;2025-04-25T13:50:25Z
55;1;-22.713.275.011.628.800;-47.628.562.236.204.700;54.087.890.625;2025-04-25T13:50:30Z
56;1;-22.713.403.087.109.300;-47.628.481.183.201.000;5.403.983.154.296.870;2025-04-25T13:50:35Z
57;1;-2.271.343.644.708.390;-47.628.651.671.111.500;5.399.176.025.390.620;2025-04-25T13:50:40Z
58;1;-22.713.290.182.873.600;-47.628.638.595.342.600;5.399.176.025.390.620;2025-04-25T13:50:45Z
59;1;-22.713.340.222.835.500;-47.628.477.998.077.800;5.399.176.025.390.620;2025-04-25T13:50:50Z
60;1;-22.713.461.257.517.300;-47.628.581.095.486.800;5.399.176.025.390.620;2025-04-25T13:50:55Z
61;1;-2.271.334.114.484.480;-47.628.678.744.658.800;5.403.983.154.296.870;2025-04-25T13:51:00Z
62;1;-22.713.290.182.873.600;-47.628.526.696.935.200;5.413.594.970.703.120;2025-04-25T13:51:05Z
63;1;-22.713.435.692.712.600;-47.628.509.430.214.700;54.087.890.625;2025-04-25T13:51:10Z
64;1;-22.713.410.882.279.200;-47.628.669.776.022.400;54.087.890.625;2025-04-25T13:51:15Z
65;1;-22.713.277.274.742.700;-47.628.601.463.511.500;54.087.890.625;2025-04-25T13:51:20Z
66;1;-22.713.375.091.552.700;-47.628.478.920.087.200;5.403.983.154.296.870;2025-04-25T13:51:25Z
67;1;-2.271.345.597.691.830;-47.628.618.059.679.800;5.403.983.154.296.870;2025-04-25T13:51:30Z
68;1;-22.713.310.550.898.300;-47.628.663.321.956.900;5.394.368.896.484.370;2025-04-25T13:51:35Z
69;1;-22.713.306.443.765.700;-47.628.499.120.473.800;5.399.176.025.390.620;2025-04-25T13:51:40Z
70;1;-22.713.450.947.776.400;-47.628.541.281.446.800;5.399.176.025.390.620;2025-04-25T13:51:45Z
71;1;-22.713.383.892.551.000;-47.628.683.857.619.700;5.399.176.025.390.620;2025-04-25T13:51:50Z
72;1;-22.713.271.910.324.600;-47.628.557.626.157.900;5.399.176.025.390.620;2025-04-25T13:51:55Z
73;1;-22.713.406.356.051.500;-47.628.488.894.551.900;5.394.368.896.484.370;2025-04-25T13:52:00Z
74;1;-2.271.344.231.441.610;-47.628.649.994.730.900;5.394.368.896.484.370;2025-04-25T13:52:05Z
75;1;-2.271.329.814.568.160;-47.628.638.176.247.400;5.403.983.154.296.870;2025-04-25T13:52:10Z
76;1;-22.713.345.000.520.300;-47.628.487.637.266.500;5.399.176.025.390.620;2025-04-25T13:52:15Z
77;1;-22.713.466.202.840.200;-47.628.581.849.858.100;54.087.890.625;2025-04-25T13:52:20Z
78;1;-2.271.334.994.584.320;-47.628.679.918.125.200;54.087.890.625;2025-04-25T13:52:25Z
79;1;-2.271.328.741.684.550;-47.628.525.188.192.700;5.403.983.154.296.870;2025-04-25T13:52:30Z
80;1;-22.713.434.183.970.000;-47.628.499.707.207.000;5.399.176.025.390.620;2025-04-25T13:52:35Z
81;1;-22.713.410.211.727.000;-47.628.671.703.860.100;5.403.983.154.296.870;2025-04-25T13:52:40Z
82;1;-22.713.278.364.390.100;-47.628.609.007.224.400;5.403.983.154.296.870;2025-04-25T13:52:45Z
83;1;-22.713.376.432.657.200;-47.628.482.775.762.600;5.403.983.154.296.870;2025-04-25T13:52:50Z
84;1;-2.271.345.891.058.440;-47.628.618.814.051.100;5.403.983.154.296.870;2025-04-25T13:52:55Z
85;1;-2.271.331.625.059.240;-47.628.671.284.765.000;54.087.890.625;2025-04-25T13:53:00Z
86;1;-22.713.309.209.793.800;-47.628.502.976.149.300;54.087.890.625;2025-04-25T13:53:05Z
87;1;-22.713.451.031.595.400;-47.628.543.712.198.700;54.087.890.625;2025-04-25T13:53:10Z
88;1;-22.713.377.522.304.600;-47.628.678.660.839.700;54.087.890.625;2025-04-25T13:53:15Z
89;1;-22.713.272.664.695.900;-4.762.856.206.856.660;54.087.890.625;2025-04-25T13:53:20Z
90;1;-22.713.404.847.308.900;-47.628.491.073.846.800;5.413.594.970.703.120;2025-04-25T13:53:25Z
91;1;-22.713.441.895.321.000;-47.628.651.922.568.600;5.413.594.970.703.120;2025-04-25T13:53:30Z
92;1;-22.713.287.165.388.400;-47.628.643.289.208.400;5.403.983.154.296.870;2025-04-25T13:53:35Z
93;1;-22.713.330.164.551.700;-47.628.477.159.887.500;54.087.890.625;2025-04-25T13:53:40Z
94;1;-2.271.346.134.133.630;-47.628.577.323.630.400;5.399.176.025.390.620;2025-04-25T13:53:45Z
95;1;-22.713.357.321.918.000;-47.628.689.389.675.800;5.394.368.896.484.370;2025-04-25T13:53:50Z
96;1;-22.713.291.440.159.000;-4.762.853.960.506.610;5.394.368.896.484.370;2025-04-25T13:53:55Z
97;1;-22.713.433.178.141.700;-47.628.517.812.117.900;5.399.176.025.390.620;2025-04-25T13:54:00Z
98;1;-22.713.414.570.316.600;-47.628.679.582.849.100;5.399.176.025.390.620;2025-04-25T13:54:05Z
99;1;-22.713.275.011.628.800;-47.628.610.767.424.100;5.399.176.025.390.620;2025-04-25T13:54:10Z
100;1;-22.713.365.787.640.200;-47.628.482.775.762.600;5.403.983.154.296.870;2025-04-25T13:54:15Z
101;1;-2.271.345.061.250.030;-476.286.162.994.802;5.399.176.025.390.620;2025-04-25T13:54:20Z
102;1;-2.271.331.331.692.630;-47.628.661.813.214.400;5.403.983.154.296.870;2025-04-25T13:54:25Z
103;1;-22.713.306.108.489.600;-47.628.505.071.625.100;5.403.983.154.296.870;2025-04-25T13:54:30Z
104;1;-22.713.453.378.528.300;-47.628.539.521.247.100;5.399.176.025.390.620;2025-04-25T13:54:35Z
105;1;-22.713.382.802.903.600;-47.628.684.025.257.800;5.399.176.025.390.620;2025-04-25T13:54:40Z
106;1;-22.713.276.436.552.400;-47.628.560.811.281.200;5.394.368.896.484.370;2025-04-25T13:54:45Z
107;1;-22.713.403.925.299.600;-47.628.480.596.467.800;5.394.368.896.484.370;2025-04-25T13:54:50Z
108;1;-22.713.436.363.264.900;-47.628.644.462.674.800;538.956.298.828.125;2025-04-25T13:54:55Z
109;1;-22.713.291.188.701.900;-47.628.635.494.038.400;5.394.368.896.484.370;2025-04-25T13:55:00Z
110;1;-22.713.333.936.408.100;-47.628.485.038.876.500;5.394.368.896.484.370;2025-04-25T13:55:05Z
111;1;-22.713.461.676.612.400;-4.762.857.723.981.140;538.956.298.828.125;2025-04-25T13:55:10Z
112;1;-22.713.351.454.585.700;-47.628.686.372.190.700;5.379.949.951.171.870;2025-04-25T13:55:15Z
113;1;-22.713.286.746.293.300;-47.628.528.708.592.000;5.384.757.080.078.120;2025-04-25T13:55:20Z
114;1;-22.713.434.603.065.200;-4.762.850.490.398.700;5.384.757.080.078.120;2025-04-25T13:55:25Z
115;1;-22.713.422.365.486.600;-47.628.669.273.108.200;5.379.949.951.171.870;2025-04-25T13:55:30Z
116;1;-2.271.328.205.242.750;-47.628.598.194.569.300;5.379.949.951.171.870;2025-04-25T13:55:35Z
117;1;-2.271.337.098.442.010;-47.628.467.772.156;5.379.949.951.171.870;2025-04-25T13:55:40Z
118;1;-22.713.460.084.050.800;-47.628.605.486.825.100;5.379.949.951.171.870;2025-04-25T13:55:45Z
119;1;-22.713.321.363.553.400;-47.628.661.897.033.400;5.379.949.951.171.870;2025-04-25T13:55:50Z
120;1;-2.271.330.158.226.190;-47.628.495.935.350.600;5.384.757.080.078.120;2025-04-25T13:55:55Z
121;1;-22.713.445.499.539.300;-47.628.530.468.791.700;5.384.757.080.078.120;2025-04-25T13:56:00Z
122;1;-22.713.385.736.569.700;-47.628.666.004.166.000;5.384.757.080.078.120;2025-04-25T13:56:05Z
123;1;-22.713.276.520.371.400;-47.628.547.651.693.200;538.956.298.828.125;2025-04-25T13:56:10Z
124;1;-22.713.405.014.947.000;-47.628.463.245.928.200;5.394.368.896.484.370;2025-04-25T13:56:15Z
125;1;-22.713.452.205.061.900;-47.628.626.693.040.100;5.399.176.025.390.620;2025-04-25T13:56:20Z
126;1;-22.713.296.636.939.000;-47.628.626.106.306.900;54.087.890.625;2025-04-25T13:56:25Z
127;1;-22.713.340.055.197.400;-47.628.470.035.269.800;5.413.594.970.703.120;2025-04-25T13:56:30Z
128;1;-2.271.346.821.449.690;-47.628.558.464.348.300;54.087.890.625;2025-04-25T13:56:35Z
129;1;-22.713.361.848.145.700;-47.628.676.062.449.800;54.087.890.625;2025-04-25T13:56:40Z
130;1;-22.713.293.200.358.700;-47.628.527.283.668.500;54.087.890.625;2025-04-25T13:56:45Z
131;1;-22.713.441.727.682.900;-4.762.849.853.374.060;5.413.594.970.703.120;2025-04-25T13:56:50Z
132;1;-22.713.426.975.533.300;-47.628.663.992.509.200;5.413.594.970.703.120;2025-04-25T13:56:55Z
133;1;-22.713.285.405.188.700;-47.628.603.223.711.200;5.423.209.228.515.620;2025-04-25T13:57:00Z
134;1;-22.713.375.929.743.000;-476.284.712.087.363;542.801.513.671.875;2025-04-25T13:57:05Z
135;1;-22.713.468.046.858.900;-47.628.601.463.511.500;5.423.209.228.515.620;2025-04-25T13:57:10Z
136;1;-22.713.324.967.771.700;-47.628.660.807.386.000;542.801.513.671.875;2025-04-25T13:57:15Z
137;1;-22.713.312.562.555.000;-47.628.495.180.979.300;5.437.628.173.828.120;2025-04-25T13:57:20Z
138;1;-22.713.460.670.784.100;-47.628.517.728.298.900;5.437.628.173.828.120;2025-04-25T13:57:25Z
139;1;-22.713.393.867.015.800;-47.628.670.111.298.500;5.432.821.044.921.870;2025-04-25T13:57:30Z
140;1;-22.713.280.376.046.800;-47.628.559.721.633.700;5.437.628.173.828.120;2025-04-25T13:57:35Z
141;1;-22.713.407.697.156.000;-47.628.475.399.687.800;5.437.628.173.828.120;2025-04-25T13:57:40Z
142;1;-22.713.455.893.099.300;-4.762.863.147.072.490;5.437.628.173.828.120;2025-04-25T13:57:45Z
143;1;-22.713.305.689.394.400;-47.628.629.794.344.300;5.437.628.173.828.120;2025-04-25T13:57:50Z
144;1;-22.713.344.832.882.200;-47.628.474.477.678.500;5.437.628.173.828.120;2025-04-25T13:57:55Z
145;1;-22.713.474.333.286.200;-47.628.561.984.747.600;54.424.365.234.375;2025-04-25T13:58:00Z
146;1;-22.713.367.128.744.700;-47.628.670.195.117.500;5.447.242.431.640.620;2025-04-25T13:58:05Z
147;1;-22.713.294.122.368.000;-47.628.523.092.716.900;5.447.242.431.640.620;2025-04-25T13:58:10Z
148;1;-2.271.343.401.633.200;-47.628.491.157.665.800;5.447.242.431.640.620;2025-04-25T13:58:15Z
149;1;-22.713.426.640.257.200;-47.628.662.399.947.600;54.424.365.234.375;2025-04-25T13:58:20Z
150;1;-22.713.281.130.418.100;-47.628.603.810.444.400;5.437.628.173.828.120;2025-04-25T13:58:25Z
151;1;-22.713.365.703.821.100;-47.628.464.167.937.600;5.437.628.173.828.120;2025-04-25T13:58:30Z
152;1;-22.713.459.078.222.500;-47.628.596.015.274.500;54.424.365.234.375;2025-04-25T13:58:35Z
153;1;-22.713.321.531.191.400;-47.628.656.532.615.400;5.447.242.431.640.620;2025-04-25T13:58:40Z
154;1;-22.713.309.042.155.700;-47.628.497.360.274.100;545.204.833.984.375;2025-04-25T13:58:45Z
155;1;-22.713.450.863.957.400;-47.628.517.644.479.800;5.447.242.431.640.620;2025-04-25T13:58:50Z
156;1;-22.713.391.603.901.900;-47.628.672.542.050.400;54.424.365.234.375;2025-04-25T13:58:55Z
157;1;-22.713.277.107.104.600;-47.628.564.750.775.600;5.447.242.431.640.620;2025-04-25T13:59:00Z
158;1;-22.713.401.578.366.700;-47.628.468.861.803.400;5.447.242.431.640.620;2025-04-25T13:59:05Z
159;1;-22.713.451.534.509.600;-47.628.622.418.269.500;545.204.833.984.375;2025-04-25T13:59:10Z
160;1;-22.713.303.007.185.400;-47.628.636.667.504.900;5.447.242.431.640.620;2025-04-25T13:59:15Z
161;1;-22.713.331.757.113.300;-47.628.478.417.173.000;545.204.833.984.375;2025-04-25T13:59:20Z
162;1;-22.713.462.095.707.600;-4.762.855.569.832.020;545.685.546.875;2025-04-25T13:59:25Z
163;1;-22.713.359.668.850.800;-47.628.673.631.697.800;5.447.242.431.640.620;2025-04-25T13:59:30Z
164;1;-22.713.285.656.645.800;-4.762.852.443.382.140;545.204.833.984.375;2025-04-25T13:59:35Z
165;1;-22.713.432.591.408.400;-4.762.849.073.857.060;545.204.833.984.375;2025-04-25T13:59:40Z
166;1;-22.713.435.022.160.400;-47.628.657.538.443.800;545.204.833.984.375;2025-04-25T13:59:45Z
167;1;-22.713.299.486.786.100;-47.628.602.301.701.900;545.685.546.875;2025-04-25T13:59:50Z
168;1;-22.713.377.941.399.800;-47.628.470.119.088.800;545.204.833.984.375;2025-04-25T13:59:55Z
169;1;-22.713.472.908.362.700;-4.762.859.970.331.190;5.447.242.431.640.620;2025-04-25T14:00:00Z
170;1;-22.713.333.182.036.800;-47.628.661.058.843.100;545.204.833.984.375;2025-04-25T14:00:05Z
171;1;-22.713.312.646.374.100;-47.628.496.019.169.600;545.204.833.984.375;2025-04-25T14:00:10Z
172;1;-22.713.462.263.345.700;-47.628.523.008.897.900;545.204.833.984.375;2025-04-25T14:00:15Z
173;1;-2.271.341.054.700.310;-47.628.672.709.688.500;545.204.833.984.375;2025-04-25T14:00:20Z
174;1;-22.713.285.489.007.800;-47.628.565.253.689.800;54.424.365.234.375;2025-04-25T14:00:25Z
175;1;-22.713.406.356.051.500;-47.628.467.353.060.800;54.424.365.234.375;2025-04-25T14:00:30Z
176;1;-22.713.460.084.050.800;-47.628.626.273.944.900;54.424.365.234.375;2025-04-25T14:00:35Z
177;1;-22.713.314.406.573.700;-47.628.634.488.210.000;54.424.365.234.375;2025-04-25T14:00:40Z
178;1;-22.713.344.916.701.300;-4.762.847.607.024.010;54.424.365.234.375;2025-04-25T14:00:45Z
179;1;-22.713.475.925.847.800;-47.628.553.435.206.400;54.424.365.234.375;2025-04-25T14:00:50Z
180;1;-22.713.376.432.657.200;-47.628.667.429.089.500;5.437.628.173.828.120;2025-04-25T14:00:55Z
181;1;-22.713.294.541.463.200;-47.628.526.361.659.100;54.424.365.234.375;2025-04-25T14:01:00Z
182;1;-22.713.436.111.807.800;-47.628.488.140.180.700;54.424.365.234.375;2025-04-25T14:01:05Z
183;1;-22.713.437.788.188.400;-47.628.661.394.119.200;54.424.365.234.375;2025-04-25T14:01:10Z
184;1;-2.271.329.035.051.160;-47.628.613.617.271.100;54.424.365.234.375;2025-04-25T14:01:15Z
185;1;-22.713.371.822.610.400;-47.628.478.333.353.900;5.447.242.431.640.620;2025-04-25T14:01:20Z
186;1;-22.713.474.333.286.200;-47.628.599.368.035.700;5.447.242.431.640.620;2025-04-25T14:01:25Z
187;1;-22.713.339.636.102.300;-47.628.676.313.906.900;54.424.365.234.375;2025-04-25T14:01:30Z
188;1;-22.713.308.371.603.400;-47.628.512.699.157;54.424.365.234.375;2025-04-25T14:01:35Z
189;1;-22.713.454.635.813.800;-47.628.528.708.592.000;54.424.365.234.375;2025-04-25T14:01:40Z
190;1;-22.713.398.896.157.700;-4.762.868.176.214.390;5.447.242.431.640.620;2025-04-25T14:01:45Z
191;1;-22.713.285.405.188.700;-47.628.580.508.753.600;545.204.833.984.375;2025-04-25T14:01:50Z
192;1;-22.713.403.506.204.400;-47.628.478.920.087.200;545.204.833.984.375;2025-04-25T14:01:55Z
193;1;-22.713.461.676.612.400;-4.762.863.733.805.710;545.685.546.875;2025-04-25T14:02:00Z
194;1;-22.713.319.268.077.600;-47.628.646.641.969.600;545.685.546.875;2025-04-25T14:02:05Z
195;1;-22.713.339.636.102.300;-47.628.485.541.790.700;545.685.546.875;2025-04-25T14:02:10Z
196;1;-22.713.469.974.696.600;-4.762.855.427.339.670;545.685.546.875;2025-04-25T14:02:15Z
197;1;-22.713.368.805.125.300;-47.628.677.152.097.200;546.166.259.765.625;2025-04-25T14:02:20Z
198;1;-22.713.281.884.789.400;-47.628.534.156.829.100;546.166.259.765.625;2025-04-25T14:02:25Z
199;1;-22.713.423.371.315.000;-47.628.483.362.495.800;545.685.546.875;2025-04-25T14:02:30Z
200;1;-22.713.434.686.884.200;-47.628.653.515.130.200;545.685.546.875;2025-04-25T14:02:35Z
201;1;-22.713.293.954.730.000;-47.628.613.952.547.300;5.466.468.505.859.370;2025-04-25T14:02:40Z
202;1;-22.713.368.888.944.300;-47.628.470.286.726.900;5.466.468.505.859.370;2025-04-25T14:02:45Z
203;1;-22.713.476.261.124.000;-47.628.583.693.876.800;546.166.259.765.625;2025-04-25T14:02:50Z
204;1;-22.713.335.696.607.800;-47.628.653.682.768.300;546.166.259.765.625;2025-04-25T14:02:55Z
205;1;-22.713.303.593.918.600;-4.762.849.610.298.870;5.466.468.505.859.370;2025-04-25T14:03:00Z
206;1;-22.713.447.595.015.100;-47.628.506.496.548.600;5.466.468.505.859.370;2025-04-25T14:03:05Z
207;1;-22.713.406.523.689.600;-47.628.661.394.119.200;546.166.259.765.625;2025-04-25T14:03:10Z
208;1;-22.713.279.370.218.500;-47.628.570.450.469.800;5.466.468.505.859.370;2025-04-25T14:03:15Z
209;1;-22.713.399.231.433.800;-4.762.846.240.773.790;5.466.468.505.859.370;2025-04-25T14:03:20Z
210;1;-22.713.468.046.858.900;-47.628.616.215.661.100;5.466.468.505.859.370;2025-04-25T14:03:25Z
211;1;-22.713.322.872.295.900;-4.762.863.926.589.480;546.166.259.765.625;2025-04-25T14:03:30Z
212;1;-22.713.338.294.997.800;-47.628.477.914.258.800;5.466.468.505.859.370;2025-04-25T14:03:35Z
213;1;-22.713.475.590.571.700;-47.628.538.766.875.800;54.712.744.140.625;2025-04-25T14:03:40Z
214;1;-2.271.338.221.617.040;-47.628.669.776.022.400;546.166.259.765.625;2025-04-25T14:03:45Z
215;1;-22.713.290.434.330.700;-47.628.538.515.418.700;546.166.259.765.625;2025-04-25T14:03:50Z
216;1;-22.713.430.998.846.800;-47.628.483.697.772.000;545.685.546.875;2025-04-25T14:03:55Z
217;1;-22.713.441.476.225.800;-47.628.643.624.484.500;546.166.259.765.625;2025-04-25T14:04:00Z
218;1;-22.713.290.266.692.600;-47.628.609.677.776.600;546.166.259.765.625;2025-04-25T14:04:05Z
219;1;-22.713.360.842.317.300;-47.628.467.185.422.700;545.685.546.875;2025-04-25T14:04:10Z
220;1;-22.713.475.925.847.800;-47.628.577.491.268.500;545.685.546.875;2025-04-25T14:04:15Z
221;1;-22.713.350.532.576.400;-47.628.668.518.736.900;545.204.833.984.375;2025-04-25T14:04:20Z
222;1;-22.713.306.108.489.600;-47.628.515.549.004.000;5.447.242.431.640.620;2025-04-25T14:04:25Z
223;1;-22.713.453.797.623.500;-47.628.518.063.575.000;5.447.242.431.640.620;2025-04-25T14:04:30Z
224;1;-22.713.418.090.716.000;-47.628.669.189.289.200;54.424.365.234.375;2025-04-25T14:04:35Z
225;1;-22.713.285.824.283.900;-47.628.585.621.714.500;5.447.242.431.640.620;2025-04-25T14:04:40Z
226;1;-22.713.393.615.558.700;-47.628.462.323.918.900;5.447.242.431.640.620;2025-04-25T14:04:45Z
227;1;-22.713.465.532.287.900;-47.628.607.163.205.700;545.204.833.984.375;2025-04-25T14:04:50Z
228;1;-22.713.312.394.917.000;-47.628.639.433.532.900;545.204.833.984.375;2025-04-25T14:04:55Z
229;1;-22.713.323.542.848.200;-47.628.476.321.697.200;546.166.259.765.625;2025-04-25T14:05:00Z
230;1;-22.713.469.387.963.400;-47.628.537.593.409.400;545.685.546.875;2025-04-25T14:05:05Z
231;1;-22.713.379.366.323.300;-47.628.661.477.938.200;545.685.546.875;2025-04-25T14:05:10Z
232;1;-22.713.285.321.369.700;-47.628.535.246.476.500;545.685.546.875;2025-04-25T14:05:15Z
233;1;-22.713.425.634.428.800;-47.628.477.076.068.500;545.685.546.875;2025-04-25T14:05:20Z
234;1;-22.713.445.164.263.200;-47.628.643.708.303.500;545.685.546.875;2025-04-25T14:05:25Z
235;1;-227.132.957.149.297;-47.628.618.311.136.900;546.166.259.765.625;2025-04-25T14:05:30Z
236;1;-22.713.361.596.688.600;-47.628.466.682.508.500;546.166.259.765.625;2025-04-25T14:05:35Z
237;1;-2.271.347.408.182.910;-47.628.571.959.212.400;5.466.468.505.859.370;2025-04-25T14:05:40Z
238;1;-22.713.352.208.957.000;-47.628.657.706.081.800;5.466.468.505.859.370;2025-04-25T14:05:45Z
239;1;-22.713.299.822.062.200;-4.762.850.247.323.510;5.466.468.505.859.370;2025-04-25T14:05:50Z
240;1;-22.713.449.103.757.700;-47.628.499.288.111.900;546.166.259.765.625;2025-04-25T14:05:55Z
241;1;-22.713.416.665.792.400;-47.628.661.561.757.300;546.166.259.765.625;2025-04-25T14:06:00Z
242;1;-2.271.328.398.026.520;-47.628.586.459.904.900;545.685.546.875;2025-04-25T14:06:05Z
243;1;-22.713.390.178.978.400;-47.628.471.711.650.400;545.685.546.875;2025-04-25T14:06:10Z
244;1;-22.713.468.968.868.200;-47.628.612.611.442.800;545.204.833.984.375;2025-04-25T14:06:15Z
245;1;-22.713.323.291.391.100;-4.762.864.806.689.320;5.447.242.431.640.620;2025-04-25T14:06:20Z
246;1;-22.713.327.566.161.700;-47.628.483.027.219.700;5.447.242.431.640.620;2025-04-25T14:06:25Z
247;1;-22.713.470.393.791.700;-47.628.532.228.991.300;545.204.833.984.375;2025-04-25T14:06:30Z
248;1;-22.713.382.551.446.500;-47.628.667.848.184.700;5.447.242.431.640.620;2025-04-25T14:06:35Z
249;1;-22.713.282.890.617.800;-47.628.542.622.551.300;545.204.833.984.375;2025-04-25T14:06:40Z
250;1;-22.713.421.359.658.200;-47.628.471.292.555.300;545.685.546.875;2025-04-25T14:06:45Z
251;1;-22.713.443.320.244.500;-476.286.387.629.807;545.204.833.984.375;2025-04-25T14:06:50Z
252;1;-22.713.298.564.776.700;-47.628.617.556.765.600;5.447.242.431.640.620;2025-04-25T14:06:55Z
253;1;-22.713.360.171.765.000;-47.628.464.419.394.700;545.204.833.984.375;2025-04-25T14:07:00Z
254;1;-22.713.475.674.390.700;-47.628.566.427.156.300;545.204.833.984.375;2025-04-25T14:07:05Z
255;1;-227.133.509.516.716;-47.628.665.836.527.900;545.204.833.984.375;2025-04-25T14:07:10Z
256;1;-22.713.298.816.233.800;-47.628.515.968.099.200;5.447.242.431.640.620;2025-04-25T14:07:15Z
257;1;-22.713.446.840.643.800;-47.628.500.880.673.500;5.447.242.431.640.620;2025-04-25T14:07:20Z
258;1;-22.713.417.755.439.800;-47.628.659.969.195.700;5.447.242.431.640.620;2025-04-25T14:07:25Z
259;1;-22.713.283.393.532.000;-47.628.582.855.686.500;545.204.833.984.375;2025-04-25T14:07:30Z
260;1;-22.713.388.670.235.800;-47.628.467.855.975.000;545.204.833.984.375;2025-04-25T14:07:35Z
261;1;-22.713.471.902.534.300;-4.762.861.043.214.790;545.204.833.984.375;2025-04-25T14:07:40Z
262;1;-22.713.330.499.827.800;-47.628.649.156.540.600;545.204.833.984.375;2025-04-25T14:07:45Z
263;1;-22.713.321.195.915.300;-47.628.487.050.533.200;545.204.833.984.375;2025-04-25T14:07:50Z
264;1;-22.713.470.980.525.000;-47.628.529.127.687.200;5.447.242.431.640.620;2025-04-25T14:07:55Z
265;1;-22.713.391.436.263.900;-4.762.866.759.672.760;5.447.242.431.640.620;2025-04-25T14:08:00Z
266;1;-22.713.287.081.569.400;-47.628.547.651.693.200;5.447.242.431.640.620;2025-04-25T14:08:05Z
267;1;-22.713.423.874.229.100;-4.762.847.900.390.620;5.447.242.431.640.620;2025-04-25T14:08:10Z
268;1;-22.713.452.456.519.000;-47.628.640.858.456.400;5.447.242.431.640.620;2025-04-25T14:08:15Z
269;1;-22.713.302.001.357.000;-47.628.622.334.450.400;5.447.242.431.640.620;2025-04-25T14:08:20Z
270;1;-22.713.353.801.518.600;-47.628.469.448.536.600;545.204.833.984.375;2025-04-25T14:08:25Z
271;1;-22.713.471.483.439.200;-47.628.567.600.622.700;5.447.242.431.640.620;2025-04-25T14:08:30Z
272;1;-2.271.335.531.026.120;-47.628.666.674.718.200;5.447.242.431.640.620;2025-04-25T14:08:35Z
273;1;-22.713.297.391.310.300;-47.628.512.447.699.900;5.447.242.431.640.620;2025-04-25T14:08:40Z
274;1;-22.713.450.696.319.300;-47.628.497.695.550.300;545.204.833.984.375;2025-04-25T14:08:45Z
275;1;-22.713.431.837.037.200;-47.628.666.255.623.100;5.447.242.431.640.620;2025-04-25T14:08:50Z
276;1;-22.713.292.865.082.600;-47.628.591.237.589.700;5.447.242.431.640.620;2025-04-25T14:08:55Z
277;1;-22.713.389.676.064.200;-47.628.460.563.719.200;545.204.833.984.375;2025-04-25T14:09:00Z
278;1;-22.713.474.165.648.200;-47.628.604.816.272.800;545.204.833.984.375;2025-04-25T14:09:05Z
279;1;-22.713.329.074.904.300;-47.628.653.515.130.200;545.204.833.984.375;2025-04-25T14:09:10Z
280;1;-22.713.322.285.562.700;-47.628.494.342.789.000;545.204.833.984.375;2025-04-25T14:09:15Z
281;1;-2.271.346.821.449.690;-47.628.531.558.439.100;545.685.546.875;2025-04-25T14:09:20Z
282;1;-22.713.396.130.129.600;-47.628.682.013.601.000;545.204.833.984.375;2025-04-25T14:09:25Z
283;1;-22.713.283.477.351.000;-47.628.563.242.033.100;545.204.833.984.375;2025-04-25T14:09:30Z
284;1;-22.713.411.385.193.400;-4.762.848.143.465.810;545.204.833.984.375;2025-04-25T14:09:35Z
285;1;-22.713.451.366.871.500;-4.762.863.926.589.480;545.685.546.875;2025-04-25T14:09:40Z
286;1;-22.713.302.588.090.300;-47.628.627.615.049.400;545.204.833.984.375;2025-04-25T14:09:45Z
287;1;-22.713.351.454.585.700;-47.628.470.873.460.100;545.204.833.984.375;2025-04-25T14:09:50Z
288;1;-22.713.473.746.553.000;-47.628.558.129.072.100;545.204.833.984.375;2025-04-25T14:09:55Z
289;1;-22.713.361.345.231.500;-47.628.666.674.718.200;545.685.546.875;2025-04-25T14:10:00Z
290;1;-22.713.300.241.157.400;-47.628.516.554.832.400;545.685.546.875;2025-04-25T14:10:05Z
291;1;-22.713.447.427.377.100;-47.628.492.247.313.200;545.204.833.984.375;2025-04-25T14:10:10Z
292;1;-22.713.431.837.037.200;-47.628.662.819.042.800;545.204.833.984.375;2025-04-25T14:10:15Z
293;1;-22.713.289.009.407.100;-47.628.583.777.695.800;545.204.833.984.375;2025-04-25T14:10:20Z
294;1;-22.713.383.138.179.700;-47.628.456.708.043.800;5.447.242.431.640.620;2025-04-25T14:10:25Z
295;1;-22.713.473.914.191.100;-47.628.589.561.209.000;5.447.242.431.640.620;2025-04-25T14:10:30Z
296;1;-22.713.334.774.598.400;-47.628.646.725.788.700;5.447.242.431.640.620;2025-04-25T14:10:35Z
297;1;-22.713.318.597.525.300;-47.628.489.984.199.400;5.447.242.431.640.620;2025-04-25T14:10:40Z
298;1;-22.713.467.627.763.700;-47.628.523.595.631.100;5.447.242.431.640.620;2025-04-25T14:10:45Z
299;1;-22.713.400.153.443.200;-47.628.677.571.192.300;5.447.242.431.640.620;2025-04-25T14:10:50Z
300;1;-22.713.284.818.455.500;-47.628.560.643.643.100;5.447.242.431.640.620;2025-04-25T14:10:55Z
301;1;-22.713.418.006.896.900;-4.762.847.313.657.400;5.447.242.431.640.620;2025-04-25T14:11:00Z
302;1;-22.713.454.468.175.700;-47.628.637.002.781.000;5.447.242.431.640.620;2025-04-25T14:11:05Z
303;1;-22.713.308.706.879.600;-47.628.636.499.866.800;5.447.242.431.640.620;2025-04-25T14:11:10Z
304;1;-22.713.345.503.434.500;-47.628.475.734.964.000;5.447.242.431.640.620;2025-04-25T14:11:15Z
305;1;-22.713.477.686.047.500;-47.628.566.008.061.100;545.204.833.984.375;2025-04-25T14:11:20Z
306;1;-22.713.368.469.849.200;-47.628.668.183.460.800;5.447.242.431.640.620;2025-04-25T14:11:25Z
307;1;-22.713.302.252.814.100;-47.628.521.751.612.400;5.447.242.431.640.620;2025-04-25T14:11:30Z
308;1;-22.713.449.271.395.800;-47.628.493.504.598.700;5.447.242.431.640.620;2025-04-25T14:11:35Z
309;1;-2.271.343.644.708.390;-4.762.865.929.864.340;54.424.365.234.375;2025-04-25T14:11:40Z
310;1;-22.713.291.272.521.000;-47.628.600.290.045.100;5.447.242.431.640.620;2025-04-25T14:11:45Z
311;1;-22.713.384.563.103.300;-47.628.465.760.499.200;5.447.242.431.640.620;2025-04-25T14:11:50Z
312;1;-22.713.475.506.752.700;-47.628.595.344.722.200;5.447.242.431.640.620;2025-04-25T14:11:55Z
313;1;-22.713.339.887.559.400;-4.762.865.100.055.930;5.447.242.431.640.620;2025-04-25T14:12:00Z
314;1;-22.713.323.542.848.200;-47.628.490.319.475.500;5.447.242.431.640.620;2025-04-25T14:12:05Z
315;1;-22.713.468.968.868.200;-47.628.519.404.679.500;5.447.242.431.640.620;2025-04-25T14:12:10Z
316;1;-22.713.402.081.280.900;-47.628.667.429.089.500;5.447.242.431.640.620;2025-04-25T14:12:15Z
317;1;-22.713.292.445.987.400;-47.628.555.865.958.300;5.447.242.431.640.620;2025-04-25T14:12:20Z
318;1;-22.713.419.683.277.600;-4.762.846.969.999.370;5.447.242.431.640.620;2025-04-25T14:12:25Z
319;1;-22.713.462.514.802.800;-47.628.634.823.486.200;5.447.242.431.640.620;2025-04-25T14:12:30Z
320;1;-22.713.312.394.917.000;-47.628.632.476.553.300;545.204.833.984.375;2025-04-25T14:12:35Z
321;1;-22.713.349.359.109.900;-47.628.471.627.831.400;545.204.833.984.375;2025-04-25T14:12:40Z
322;1;-22.713.481.038.808.800;-47.628.555.446.863.100;545.204.833.984.375;2025-04-25T14:12:45Z
323;1;-22.713.373.247.534.000;-47.628.664.746.880.500;545.204.833.984.375;2025-04-25T14:12:50Z
324;1;-22.713.300.911.709.600;-47.628.524.852.916.500;5.447.242.431.640.620;2025-04-25T14:12:55Z
325;1;-22.713.447.092.100.900;-47.628.491.660.580.000;545.204.833.984.375;2025-04-25T14:13:00Z
326;1;-22.713.440.638.035.500;-47.628.653.179.854.100;545.204.833.984.375;2025-04-25T14:13:05Z
327;1;-22.713.302.588.090.300;-47.628.593.081.608.400;545.204.833.984.375;2025-04-25T14:13:10Z
328;1;-22.713.379.366.323.300;-47.628.461.234.271.500;545.685.546.875;2025-04-25T14:13:15Z
329;1;-22.713.472.740.724.600;-47.628.589.645.028.100;545.685.546.875;2025-04-25T14:13:20Z
330;1;-22.713.338.797.912.000;-47.628.651.922.568.600;545.204.833.984.375;2025-04-25T14:13:25Z
331;1;-22.713.314.825.668.900;-47.628.488.056.361.600;545.685.546.875;2025-04-25T14:13:30Z
332;1;-22.713.460.419.327.000;-47.628.514.040.261.500;545.204.833.984.375;2025-04-25T14:13:35Z
333;1;-22.713.399.399.071.900;-47.628.660.555.928.900;54.424.365.234.375;2025-04-25T14:13:40Z
334;1;-22.713.287.165.388.400;-47.628.559.386.357.600;5.447.242.431.640.620;2025-04-25T14:13:45Z
335;1;-22.713.407.864.794.100;-47.628.468.694.165.300;5.447.242.431.640.620;2025-04-25T14:13:50Z
336;1;-22.713.461.676.612.400;-47.628.624.513.745.300;545.204.833.984.375;2025-04-25T14:13:55Z
337;1;-22.713.310.131.803.100;-47.628.634.823.486.200;5.447.242.431.640.620;2025-04-25T14:14:00Z
338;1;-22.713.342.402.130.300;-4.762.847.556.732.590;5.447.242.431.640.620;2025-04-25T14:14:05Z
339;1;-22.713.475.003.838.500;-47.628.549.495.711.900;545.204.833.984.375;2025-04-25T14:14:10Z
340;1;-22.713.366.542.011.400;-47.628.672.458.231.400;5.437.628.173.828.120;2025-04-25T14:14:15Z
341;1;-22.713.299.235.329.000;-47.628.517.728.298.900;5.447.242.431.640.620;2025-04-25T14:14:20Z
342;1;-22.713.443.404.063.500;-47.628.483.613.952.900;5.447.242.431.640.620;2025-04-25T14:14:25Z
343;1;-22.713.438.710.197.800;-47.628.651.922.568.600;54.424.365.234.375;2025-04-25T14:14:30Z
344;1;-22.713.302.588.090.300;-47.628.597.440.198.000;54.424.365.234.375;2025-04-25T14:14:35Z
345;1;-22.713.379.031.047.200;-47.628.458.132.967.300;54.424.365.234.375;2025-04-25T14:14:40Z
346;1;-2.271.348.237.991.330;-47.628.584.029.152.900;54.424.365.234.375;2025-04-25T14:14:45Z
347;1;-22.713.340.725.749.700;-47.628.652.509.301.900;5.437.628.173.828.120;2025-04-25T14:14:50Z
348;1;-22.713.312.981.650.200;-47.628.487.888.723.600;54.424.365.234.375;2025-04-25T14:14:55Z
349;1;-22.713.464.694.097.600;-47.628.512.280.061.800;54.424.365.234.375;2025-04-25T14:15:00Z
350;1;-22.713.411.888.107.600;-47.628.667.764.365.600;54.424.365.234.375;2025-04-25T14:15:05Z
351;1;-2.271.328.934.468.320;-47.628.560.727.462.100;54.424.365.234.375;2025-04-25T14:15:10Z
352;1;-2.271.341.348.066.920;-47.628.466.933.965.600;54.424.365.234.375;2025-04-25T14:15:15Z
353;1;-2.271.346.720.866.850;-47.628.620.322.793.700;54.424.365.234.375;2025-04-25T14:15:20Z
354;1;-22.713.311.305.269.500;-47.628.631.554.543.900;5.437.628.173.828.120;2025-04-25T14:15:25Z
355;1;-22.713.339.384.645.200;-47.628.473.555.669.100;5.437.628.173.828.120;2025-04-25T14:15:30Z
356;1;-22.713.475.171.476.600;-47.628.541.784.361.000;5.437.628.173.828.120;2025-04-25T14:15:35Z
357;1;-22.713.375.594.466.900;-47.628.663.657.233.100;5.432.821.044.921.870;2025-04-25T14:15:40Z
358;1;-22.713.293.703.272.900;-47.628.527.032.211.400;54.424.365.234.375;2025-04-25T14:15:45Z
359;1;-22.713.442.984.968.400;-47.628.482.775.762.600;54.424.365.234.375;2025-04-25T14:15:50Z
360;1;-22.713.454.132.899.600;-47.628.646.222.874.500;54.424.365.234.375;2025-04-25T14:15:55Z
361;1;-22.713.305.773.213.500;-47.628.594.925.627.100;54.424.365.234.375;2025-04-25T14:16:00Z
362;1;-22.713.381.545.618.100;-47.628.457.630.053.100;54.424.365.234.375;2025-04-25T14:16:05Z
363;1;-22.713.487.828.150.300;-47.628.576.066.344.900;5.447.242.431.640.620;2025-04-25T14:16:10Z
364;1;-22.713.351.454.585.700;-47.628.652.509.301.900;54.424.365.234.375;2025-04-25T14:16:15Z
365;1;-22.713.317.675.516.000;-47.628.489.900.380.300;5.447.242.431.640.620;2025-04-25T14:16:20Z
366;1;-22.713.465.616.106.900;-47.628.502.557.054.100;54.424.365.234.375;2025-04-25T14:16:25Z
367;1;-227.134.183.421.731;-47.628.659.717.738.600;54.424.365.234.375;2025-04-25T14:16:30Z
368;1;-22.713.290.769.606.800;-47.628.561.733.290.500;54.424.365.234.375;2025-04-25T14:16:35Z
369;1;-22.713.404.931.128.000;-47.628.458.635.881.500;5.447.242.431.640.620;2025-04-25T14:16:40Z
370;1;-22.713.466.119.021.100;-4.762.861.143.797.630;545.204.833.984.375;2025-04-25T14:16:45Z
371;1;-22.713.320.776.820.100;-47.628.636.416.047.800;5.447.242.431.640.620;2025-04-25T14:16:50Z
372;1;-22.713.339.049.369.000;-47.628.477.662.801.700;5.447.242.431.640.620;2025-04-25T14:16:55Z
373;1;-22.713.478.608.056.900;-47.628.541.700.541.900;54.424.365.234.375;2025-04-25T14:17:00Z
374;1;-22.713.381.964.713.300;-47.628.670.446.574.600;54.424.365.234.375;2025-04-25T14:17:05Z
375;1;-22.713.294.541.463.200;-47.628.533.402.457.800;5.447.242.431.640.620;2025-04-25T14:17:10Z
376;1;-22.713.437.955.826.500;-47.628.481.350.839.100;5.447.242.431.640.620;2025-04-25T14:17:15Z
377;1;-2.271.344.818.174.830;-47.628.647.647.798.000;54.424.365.234.375;2025-04-25T14:17:20Z
378;1;-2.271.330.451.592.800;-4.762.860.506.772.990;5.447.242.431.640.620;2025-04-25T14:17:25Z
379;1;-227.133.699.785.918;-47.628.464.167.937.600;5.447.242.431.640.620;2025-04-25T14:17:30Z
380;1;-2.271.348.288.282.750;-47.628.577.742.725.600;5.447.242.431.640.620;2025-04-25T14:17:35Z
381;1;-22.713.356.986.641.800;-47.628.661.897.033.400;54.424.365.234.375;2025-04-25T14:17:40Z
382;1;-2.271.331.381.984.050;-47.628.498.114.645.400;5.437.628.173.828.120;2025-04-25T14:17:45Z
383;1;-22.713.464.442.640.500;-47.628.505.993.634.400;5.437.628.173.828.120;2025-04-25T14:17:50Z
384;1;-22.713.419.515.639.500;-47.628.663.321.956.900;5.437.628.173.828.120;2025-04-25T14:17:55Z
385;1;-22.713.293.954.730.000;-47.628.569.947.555.600;5.437.628.173.828.120;2025-04-25T14:18:00Z
386;1;-227.134.027.518.332;-47.628.463.665.023.400;5.437.628.173.828.120;2025-04-25T14:18:05Z
387;1;-22.713.470.226.153.700;-476.286.162.994.802;5.432.821.044.921.870;2025-04-25T14:18:10Z
388;1;-22.713.320.357.725.000;-476.286.387.629.807;5.437.628.173.828.120;2025-04-25T14:18:15Z
389;1;-22.713.335.864.245.800;-47.628.470.957.279.200;5.437.628.173.828.120;2025-04-25T14:18:20Z
390;1;-22.713.474.417.105.300;-47.628.535.497.933.600;5.437.628.173.828.120;2025-04-25T14:18:25Z
391;1;-2.271.338.707.767.420;-4.762.866.323.813.790;5.432.821.044.921.870;2025-04-25T14:18:30Z
392;1;-22.713.292.194.530.300;-47.628.532.648.086.500;5.437.628.173.828.120;2025-04-25T14:18:35Z
393;1;-22.713.430.747.389.700;-47.628.471.627.831.400;5.437.628.173.828.120;2025-04-25T14:18:40Z
394;1;-22.713.448.852.300.600;-4.762.863.440.439.100;5.432.821.044.921.870;2025-04-25T14:18:45Z
395;1;-22.713.298.564.776.700;-47.628.601.295.873.500;5.432.821.044.921.870;2025-04-25T14:18:50Z
396;1;-22.713.361.261.412.500;-4.762.845.897.115.760;5.432.821.044.921.870;2025-04-25T14:18:55Z
397;1;-22.713.477.602.228.500;-47.628.570.953.384.000;5.432.821.044.921.870;2025-04-25T14:19:00Z
398;1;-22.713.357.573.375.100;-47.628.656.113.520.200;5.437.628.173.828.120;2025-04-25T14:19:05Z
399;1;-22.713.311.221.450.500;-47.628.503.646.701.500;54.424.365.234.375;2025-04-25T14:19:10Z
400;1;-22.713.463.436.812.100;-47.628.504.065.796.700;5.437.628.173.828.120;2025-04-25T14:19:15Z
401;1;-22.713.425.299.152.700;-4.762.866.323.813.790;54.424.365.234.375;2025-04-25T14:19:20Z
402;1;-22.713.299.905.881.200;-47.628.576.317.802.000;5.447.242.431.640.620;2025-04-25T14:19:25Z
403;1;-22.713.407.026.603.800;-47.628.462.240.099.900;5.447.242.431.640.620;2025-04-25T14:19:30Z
404;1;-22.713.483.301.922.600;-4.762.860.749.848.180;5.447.242.431.640.620;2025-04-25T14:19:35Z
405;1;-22.713.329.661.637.500;-47.628.642.451.018.000;54.424.365.234.375;2025-04-25T14:19:40Z
406;1;-22.713.338.881.731.000;-47.628.479.758.277.500;5.447.242.431.640.620;2025-04-25T14:19:45Z
407;1;-22.713.480.535.894.600;-47.628.540.359.437.400;54.424.365.234.375;2025-04-25T14:19:50Z
408;1;-22.713.399.650.529.000;-47.628.673.715.516.900;5.447.242.431.640.620;2025-04-25T14:19:55Z
409;1;-22.713.294.960.558.400;-47.628.537.844.866.500;5.447.242.431.640.620;2025-04-25T14:20:00Z
410;1;-22.713.429.825.380.400;-47.628.474.226.221.400;545.204.833.984.375;2025-04-25T14:20:05Z
411;1;-22.713.453.881.442.500;-476.286.387.629.807;545.204.833.984.375;2025-04-25T14:20:10Z
412;1;-2.271.330.795.250.830;-47.628.613.617.271.100;5.447.242.431.640.620;2025-04-25T14:20:15Z
413;1;-22.713.358.327.746.300;-47.628.458.803.519.600;5.447.242.431.640.620;2025-04-25T14:20:20Z
414;1;-22.713.476.093.485.900;-47.628.562.320.023.700;5.447.242.431.640.620;2025-04-25T14:20:25Z
415;1;-22.713.358.327.746.300;-47.628.658.711.910.200;54.424.365.234.375;2025-04-25T14:20:30Z
416;1;-22.713.307.617.232.200;-47.628.500.210.121.200;5.447.242.431.640.620;2025-04-25T14:20:35Z
417;1;-22.713.458.826.765.400;-4.762.849.560.007.450;5.447.242.431.640.620;2025-04-25T14:20:40Z
418;1;-22.713.423.371.315.000;-47.628.658.628.091.200;54.424.365.234.375;2025-04-25T14:20:45Z
419;1;-22.713.297.475.129.300;-47.628.575.060.516.500;5.447.242.431.640.620;2025-04-25T14:20:50Z
420;1;-22.713.398.644.700.600;-47.628.455.031.663.100;5.447.242.431.640.620;2025-04-25T14:20:55Z
421;1;-22.713.480.954.989.700;-47.628.607.833.757.900;545.204.833.984.375;2025-04-25T14:21:00Z
422;1;-22.713.339.300.826.100;-47.628.647.983.074.100;5.437.628.173.828.120;2025-04-25T14:21:05Z
423;1;-22.713.333.936.408.100;-4.762.848.436.832.420;5.437.628.173.828.120;2025-04-25T14:21:10Z
424;1;-22.713.475.925.847.800;-47.628.529.546.782.300;54.424.365.234.375;2025-04-25T14:21:15Z
425;1;-22.713.395.711.034.500;-47.628.671.117.126.900;54.424.365.234.375;2025-04-25T14:21:20Z
426;1;-22.713.297.475.129.300;-47.628.541.951.999.000;5.447.242.431.640.620;2025-04-25T14:21:25Z
427;1;-22.713.433.094.322.600;-47.628.470.957.279.200;5.447.242.431.640.620;2025-04-25T14:21:30Z
428;1;-22.713.457.066.565.700;-47.628.635.158.762.300;5.447.242.431.640.620;2025-04-25T14:21:35Z
429;1;-22.713.305.605.575.400;-47.628.605.822.101.200;54.424.365.234.375;2025-04-25T14:21:40Z
430;1;-2.271.336.168.050.760;-47.628.453.690.558.600;5.447.242.431.640.620;2025-04-25T14:21:45Z
431;1;-22.713.479.781.523.300;-47.628.560.476.005.000;5.447.242.431.640.620;2025-04-25T14:21:50Z
432;1;-22.713.355.226.442.200;-4.762.866.273.522.370;5.447.242.431.640.620;2025-04-25T14:21:55Z
433;1;-22.713.306.276.127.600;-4.762.850.783.765.310;545.204.833.984.375;2025-04-25T14:22:00Z
434;1;-22.713.460.084.050.800;-47.628.491.744.399.000;5.447.242.431.640.620;2025-04-25T14:22:05Z
435;1;-22.713.438.626.378.700;-47.628.658.208.996.000;5.447.242.431.640.620;2025-04-25T14:22:10Z
436;1;-22.713.300.744.071.600;-47.628.584.280.610.000;54.424.365.234.375;2025-04-25T14:22:15Z
437;1;-22.713.399.063.795.800;-47.628.460.228.443.100;54.424.365.234.375;2025-04-25T14:22:20Z
438;1;-22.713.479.027.152.000;-47.628.596.937.283.800;54.424.365.234.375;2025-04-25T14:22:25Z
439;1;-22.713.334.942.236.500;-47.628.630.045.801.400;5.437.628.173.828.120;2025-04-25T14:22:30Z
440;1;-22.713.328.823.447.200;-47.628.469.532.355.600;5.437.628.173.828.120;2025-04-25T14:22:35Z
441;1;-22.713.479.613.885.200;-47.628.515.968.099.200;54.424.365.234.375;2025-04-25T14:22:40Z
442;1;-22.713.397.638.872.200;-47.628.660.891.205.000;5.432.821.044.921.870;2025-04-25T14:22:45Z
443;1;-22.713.298.229.500.600;-47.628.534.659.743.300;54.424.365.234.375;2025-04-25T14:22:50Z
444;1;-22.713.426.891.714.300;-47.628.459.222.614.700;5.447.242.431.640.620;2025-04-25T14:22:55Z
445;1;-22.713.462.430.983.700;-47.628.626.022.487.800;54.424.365.234.375;2025-04-25T14:23:00Z
446;1;-22.713.315.077.126.000;-47.628.608.755.767.300;54.424.365.234.375;2025-04-25T14:23:05Z
447;1;-22.713.358.160.108.300;-47.628.456.205.129.600;54.424.365.234.375;2025-04-25T14:23:10Z
448;1;-22.713.483.721.017.800;-47.628.557.961.434.100;54.424.365.234.375;2025-04-25T14:23:15Z
449;1;-22.713.367.464.020.800;-47.628.654.604.777.600;54.424.365.234.375;2025-04-25T14:23:20Z
450;1;-2.271.330.937.743.180;-47.628.502.640.873.100;54.424.365.234.375;2025-04-25T14:23:25Z
451;1;-22.713.458.491.489.200;-47.628.485.960.885.800;54.424.365.234.375;2025-04-25T14:23:30Z
452;1;-22.713.436.027.988.700;-47.628.648.988.902.500;54.424.365.234.375;2025-04-25T14:23:35Z
453;1;-22.713.296.972.215.100;-47.628.582.352.772.300;5.432.821.044.921.870;2025-04-25T14:23:40Z
454;1;-22.713.399.566.709.900;-47.628.458.132.967.300;5.437.628.173.828.120;2025-04-25T14:23:45Z
455;1;-2.271.348.187.699.910;-47.628.598.278.388.300;54.424.365.234.375;2025-04-25T14:23:50Z
456;1;-22.713.336.953.893.300;-47.628.642.451.018.000;5.437.628.173.828.120;2025-04-25T14:23:55Z
457;1;-22.713.331.421.837.200;-47.628.480.345.010.700;5.447.242.431.640.620;2025-04-25T14:24:00Z
458;1;-22.713.480.452.075.600;-47.628.523.679.450.100;54.424.365.234.375;2025-04-25T14:24:05Z
459;1;-22.713.401.410.728.600;-47.628.668.183.460.800;54.424.365.234.375;2025-04-25T14:24:10Z
460;1;-22.713.291.943.073.200;-47.628.547.484.055.100;5.447.242.431.640.620;2025-04-25T14:24:15Z
461;1;-22.713.425.550.609.800;-47.628.467.353.060.800;545.204.833.984.375;2025-04-25T14:24:20Z
462;1;-22.713.461.592.793.400;-4.762.862.753.123.040;5.447.242.431.640.620;2025-04-25T14:24:25Z
463;1;-2.271.331.574.767.820;-47.628.619.316.965.300;545.204.833.984.375;2025-04-25T14:24:30Z
464;1;-2.271.336.218.342.180;-47.628.462.323.918.900;545.204.833.984.375;2025-04-25T14:24:35Z
465;1;-22.713.490.845.635.500;-47.628.561.146.557.300;5.447.242.431.640.620;2025-04-25T14:24:40Z
466;1;-22.713.368.302.211.100;-47.628.665.417.432.700;5.447.242.431.640.620;2025-04-25T14:24:45Z
467;1;-22.713.302.923.366.400;-47.628.512.699.157;5.447.242.431.640.620;2025-04-25T14:24:50Z
468;1;-22.713.453.462.347.300;-47.628.493.756.055.800;54.424.365.234.375;2025-04-25T14:24:55Z
469;1;-22.713.439.464.569.000;-47.628.654.101.863.500;5.447.242.431.640.620;2025-04-25T14:25:00Z
470;1;-22.713.297.978.043.500;-47.628.585.286.438.400;545.204.833.984.375;2025-04-25T14:25:05Z
471;1;-22.713.389.089.331.000;-4.762.845.260.091.120;5.447.242.431.640.620;2025-04-25T14:25:10Z
472;1;-22.713.477.099.314.300;-47.628.587.549.552.300;5.447.242.431.640.620;2025-04-25T14:25:15Z
473;1;-22.713.337.540.626.500;-4.762.864.856.980.740;54.424.365.234.375;2025-04-25T14:25:20Z
474;1;-22.713.329.074.904.300;-47.628.488.223.999.700;5.447.242.431.640.620;2025-04-25T14:25:25Z
475;1;-22.713.473.746.553.000;-47.628.520.745.784.000;5.447.242.431.640.620;2025-04-25T14:25:30Z
476;1;-22.713.404.931.128.000;-47.628.665.417.432.700;5.447.242.431.640.620;2025-04-25T14:25:35Z
477;1;-22.713.297.558.948.300;-47.628.547.484.055.100;5.447.242.431.640.620;2025-04-25T14:25:40Z
478;1;-22.713.424.963.876.600;-47.628.465.928.137.300;5.447.242.431.640.620;2025-04-25T14:25:45Z
479;1;-22.713.466.621.935.300;-47.628.628.788.515.900;5.447.242.431.640.620;2025-04-25T14:25:50Z
480;1;-22.713.316.502.049.500;-4.762.862.459.756.430;5.447.242.431.640.620;2025-04-25T14:25:55Z
481;1;-22.713.351.706.042.800;-47.628.471.124.917.200;545.204.833.984.375;2025-04-25T14:26:00Z
482;1;-22.713.478.691.875.900;-47.628.554.357.215.700;545.204.833.984.375;2025-04-25T14:26:05Z
483;1;-22.713.370.649.144.000;-47.628.665.836.527.900;545.204.833.984.375;2025-04-25T14:26:10Z
484;1;-22.713.299.570.605.100;-47.628.517.476.841.800;545.204.833.984.375;2025-04-25T14:26:15Z
485;1;-22.713.451.450.690.600;-47.628.488.643.094.800;545.204.833.984.375;2025-04-25T14:26:20Z
486;1;-22.713.438.794.016.800;-47.628.652.006.387.700;545.204.833.984.375;2025-04-25T14:26:25Z
487;1;-22.713.304.180.651.900;-47.628.589.645.028.100;5.447.242.431.640.620;2025-04-25T14:26:30Z
488;1;-22.713.393.699.377.700;-47.628.457.127.138.900;545.685.546.875;2025-04-25T14:26:35Z
489;1;-22.713.481.374.084.900;-47.628.594.506.531.900;5.447.242.431.640.620;2025-04-25T14:26:40Z
490;1;-22.713.340.055.197.400;-47.628.652.928.397.000;5.447.242.431.640.620;2025-04-25T14:26:45Z
491;1;-22.713.324.883.952.700;-47.628.485.457.971.600;545.204.833.984.375;2025-04-25T14:26:50Z
492;1;-22.713.474.500.924.300;-47.628.518.901.765.300;5.447.242.431.640.620;2025-04-25T14:26:55Z
493;1;-22.713.414.570.316.600;-47.628.662.483.766.600;54.424.365.234.375;2025-04-25T14:27:00Z
494;1;-22.713.301.917.538.000;-47.628.552.010.282.800;54.424.365.234.375;2025-04-25T14:27:05Z
495;1;-22.713.418.928.906.300;-47.628.463.665.023.400;54.424.365.234.375;2025-04-25T14:27:10Z
496;1;-22.713.471.651.077.200;-47.628.614.706.918.500;5.437.628.173.828.120;2025-04-25T14:27:15Z
497;1;-22.713.329.410.180.400;-47.628.614.958.375.600;5.437.628.173.828.120;2025-04-25T14:27:20Z
498;1;-22.713.355.729.356.400;-47.628.456.121.310.500;54.424.365.234.375;2025-04-25T14:27:25Z
499;1;-22.713.484.475.389.100;-47.628.542.706.370.300;5.447.242.431.640.620;2025-04-25T14:27:30Z
500;1;-2.271.337.877.959.010;-47.628.655.862.063.100;54.424.365.234.375;2025-04-25T14:27:35Z
501;1;-22.713.308.623.060.500;-47.628.517.309.203.700;5.447.242.431.640.620;2025-04-25T14:27:40Z
502;1;-22.713.460.000.231.800;-4.762.848.537.415.260;54.424.365.234.375;2025-04-25T14:27:45Z
503;1;-22.713.459.162.041.500;-47.628.646.893.426.700;5.437.628.173.828.120;2025-04-25T14:27:50Z
504;1;-22.713.310.802.355.400;-47.628.597.607.836.100;54.424.365.234.375;2025-04-25T14:27:55Z
505;1;-22.713.396.046.310.600;-4.762.846.190.482.370;5.437.628.173.828.120;2025-04-25T14:28:00Z
506;1;-22.713.486.319.407.800;-47.628.586.292.266.800;54.424.365.234.375;2025-04-25T14:28:05Z
507;1;-22.713.345.419.615.500;-47.628.648.402.169.300;54.424.365.234.375;2025-04-25T14:28:10Z
508;1;-22.713.327.733.799.800;-4.762.848.780.490.450;54.424.365.234.375;2025-04-25T14:28:15Z
509;1;-22.713.473.495.095.900;-4.762.850.976.549.080;54.424.365.234.375;2025-04-25T14:28:20Z
510;1;-22.713.420.940.563.000;-47.628.659.382.462.500;5.437.628.173.828.120;2025-04-25T14:28:25Z
511;1;-22.713.299.654.424.100;-47.628.556.955.605.700;5.437.628.173.828.120;2025-04-25T14:28:30Z
512;1;-22.713.420.940.563.000;-476.284.643.355.757;5.437.628.173.828.120;2025-04-25T14:28:35Z
513;1;-22.713.477.602.228.500;-47.628.615.461.289.800;54.424.365.234.375;2025-04-25T14:28:40Z
514;1;-227.133.250.515.908;-47.628.624.346.107.200;5.437.628.173.828.120;2025-04-25T14:28:45Z
515;1;-22.713.355.980.813.500;-47.628.465.257.585.000;54.424.365.234.375;2025-04-25T14:28:50Z
516;1;-22.713.487.492.874.200;-47.628.542.874.008.400;54.424.365.234.375;2025-04-25T14:28:55Z
517;1;-22.713.386.826.217.100;-47.628.655.191.510.900;54.424.365.234.375;2025-04-25T14:29:00Z
518;1;-22.713.306.779.041.800;-47.628.518.063.575.000;5.447.242.431.640.620;2025-04-25T14:29:05Z
519;1;-22.713.453.127.071.200;-47.628.478.249.534.900;54.424.365.234.375;2025-04-25T14:29:10Z
520;1;-22.713.448.265.567.400;-47.628.640.355.542.300;5.447.242.431.640.620;2025-04-25T14:29:15Z
521;1;-22.713.302.252.814.100;-47.628.591.572.865.800;5.447.242.431.640.620;2025-04-25T14:29:20Z
522;1;-22.713.374.169.543.300;-47.628.461.150.452.400;5.447.242.431.640.620;2025-04-25T14:29:25Z
523;1;-22.713.477.434.590.400;-47.628.580.005.839.400;54.424.365.234.375;2025-04-25T14:29:30Z
524;1;-2.271.335.338.242.350;-47.628.642.786.294.200;54.424.365.234.375;2025-04-25T14:29:35Z
525;1;-22.713.324.213.400.400;-47.628.481.769.934.200;5.447.242.431.640.620;2025-04-25T14:29:40Z
526;1;-22.713.476.177.304.900;-47.628.503.981.977.700;54.424.365.234.375;2025-04-25T14:29:45Z
527;1;-22.713.425.969.704.900;-47.628.649.994.730.900;54.424.365.234.375;2025-04-25T14:29:50Z
528;1;-2.271.330.208.517.610;-47.628.554.608.672.800;54.424.365.234.375;2025-04-25T14:29:55Z
529;1;-2.271.342.278.458.170;-47.628.456.959.500.900;54.424.365.234.375;2025-04-25T14:30:00Z
530;1;-22.713.480.284.437.500;-47.628.608.755.767.300;5.437.628.173.828.120;2025-04-25T14:30:05Z
531;1;-22.713.331.505.656.200;-4.762.862.510.047.850;5.437.628.173.828.120;2025-04-25T14:30:10Z
532;1;-22.713.352.628.052.200;-47.628.468.442.708.200;5.437.628.173.828.120;2025-04-25T14:30:15Z
533;1;-2.271.348.581.649.360;-47.628.532.312.810.400;5.437.628.173.828.120;2025-04-25T14:30:20Z
534;1;-22.713.386.239.483.900;-4.762.865.636.497.730;5.432.821.044.921.870;2025-04-25T14:30:25Z
535;1;-22.713.308.203.965.400;-47.628.515.297.546.900;5.432.821.044.921.870;2025-04-25T14:30:30Z
536;1;-22.713.449.103.757.700;-47.628.467.939.794.000;5.432.821.044.921.870;2025-04-25T14:30:35Z
537;1;-22.713.463.352.993.100;-47.628.629.626.706.200;5.432.821.044.921.870;2025-04-25T14:30:40Z
538;1;-2.271.331.574.767.820;-47.628.582.771.867.500;5.432.821.044.921.870;2025-04-25T14:30:45Z
539;1;-22.713.391.100.987.700;-47.628.449.751.064.100;5.437.628.173.828.120;2025-04-25T14:30:50Z
540;1;-22.713.497.802.615.100;-47.628.570.785.745.900;5.437.628.173.828.120;2025-04-25T14:30:55Z
541;1;-22.713.366.039.097.300;-4.762.863.976.880.900;5.437.628.173.828.120;2025-04-25T14:31:00Z
542;1;-22.713.328.069.075.900;-47.628.480.261.191.700;54.424.365.234.375;2025-04-25T14:31:05Z
543;1;-22.713.471.399.620.100;-47.628.492.750.227.400;54.424.365.234.375;2025-04-25T14:31:10Z
544;1;-22.713.420.605.286.900;-47.628.649.827.092.800;54.424.365.234.375;2025-04-25T14:31:15Z
545;1;-22.713.303.510.099.600;-47.628.553.854.301.500;54.424.365.234.375;2025-04-25T14:31:20Z
546;1;-22.713.419.599.458.500;-4.762.845.603.749.150;54.424.365.234.375;2025-04-25T14:31:25Z
547;1;-2.271.348.288.282.750;-47.628.605.654.463.100;5.437.628.173.828.120;2025-04-25T14:31:30Z
548;1;-22.713.334.439.322.300;-47.628.616.215.661.100;5.432.821.044.921.870;2025-04-25T14:31:35Z
549;1;-2.271.335.044.875.740;-47.628.456.288.948.600;5.437.628.173.828.120;2025-04-25T14:31:40Z
550;1;-22.713.485.145.941.300;-47.628.525.020.554.600;5.437.628.173.828.120;2025-04-25T14:31:45Z
551;1;-22.713.396.130.129.600;-47.628.648.485.988.300;5.432.821.044.921.870;2025-04-25T14:31:50Z
552;1;-22.713.308.958.336.700;-47.628.520.913.422.100;5.447.242.431.640.620;2025-04-25T14:31:55Z
553;1;-22.713.448.936.119.600;-47.628.477.662.801.700;54.424.365.234.375;2025-04-25T14:32:00Z
554;1;-22.713.465.197.011.800;-47.628.634.991.124.200;5.437.628.173.828.120;2025-04-25T14:32:05Z
555;1;-22.713.320.944.458.200;-47.628.594.506.531.900;5.437.628.173.828.120;2025-04-25T14:32:10Z
556;1;-22.713.388.837.873.900;-47.628.457.797.691.200;545.204.833.984.375;2025-04-25T14:32:15Z
557;1;-22.713.496.461.510.600;-47.628.569.277.003.400;5.447.242.431.640.620;2025-04-25T14:32:20Z
558;1;-22.713.366.206.735.300;-47.628.648.737.445.400;5.447.242.431.640.620;2025-04-25T14:32:25Z
559;1;-22.713.328.655.809.100;-47.628.492.917.865.500;545.204.833.984.375;2025-04-25T14:32:30Z
560;1;-22.713.474.836.200.400;-47.628.504.317.253.800;545.204.833.984.375;2025-04-25T14:32:35Z
561;1;-22.713.434.435.427.100;-47.628.655.526.787.000;5.447.242.431.640.620;2025-04-25T14:32:40Z
562;1;-22.713.306.862.860.900;-47.628.567.097.708.500;5.447.242.431.640.620;2025-04-25T14:32:45Z
563;1;-22.713.413.229.212.100;-47.628.458.132.967.300;5.447.242.431.640.620;2025-04-25T14:32:50Z
564;1;-22.713.483.301.922.600;-47.628.607.163.205.700;5.447.242.431.640.620;2025-04-25T14:32:55Z
565;1;-22.713.336.367.160.000;-47.628.626.860.678.100;545.204.833.984.375;2025-04-25T14:33:00Z
566;1;-2.271.335.237.659.510;-4.762.846.383.266.150;545.204.833.984.375;2025-04-25T14:33:05Z
567;1;-22.713.489.336.892.900;-47.628.527.032.211.400;545.204.833.984.375;2025-04-25T14:33:10Z
568;1;-22.713.397.638.872.200;-47.628.651.754.930.600;545.204.833.984.375;2025-04-25T14:33:15Z
569;1;-22.713.307.198.137.000;-47.628.520.494.326.900;545.204.833.984.375;2025-04-25T14:33:20Z
570;1;-22.713.445.499.539.300;-47.628.466.933.965.600;545.204.833.984.375;2025-04-25T14:33:25Z
571;1;-22.713.463.772.088.200;-47.628.624.262.288.200;545.204.833.984.375;2025-04-25T14:33:30Z
572;1;-2.271.331.868.134.430;-47.628.591.740.503.900;545.685.546.875;2025-04-25T14:33:35Z
573;1;-22.713.383.557.274.900;-47.628.450.589.254.400;545.685.546.875;2025-04-25T14:33:40Z
574;1;-22.713.495.790.958.400;-47.628.562.739.118.900;545.685.546.875;2025-04-25T14:33:45Z
575;1;-22.713.369.391.858.500;-47.628.647.480.159.900;545.204.833.984.375;2025-04-25T14:33:50Z
576;1;-22.713.317.172.601.800;-47.628.491.576.761.000;545.204.833.984.375;2025-04-25T14:33:55Z
577;1;-22.713.465.113.192.700;-47.628.497.024.998.000;545.204.833.984.375;2025-04-25T14:34:00Z
578;1;-22.713.425.885.885.900;-47.628.655.862.063.100;5.447.242.431.640.620;2025-04-25T14:34:05Z
579;1;-22.713.300.492.614.500;-47.628.562.320.023.700;545.204.833.984.375;2025-04-25T14:34:10Z
580;1;-22.713.408.200.070.200;-47.628.452.181.816.100;545.204.833.984.375;2025-04-25T14:34:15Z
581;1;-22.713.487.073.779.100;-47.628.598.026.931.200;5.447.242.431.640.620;2025-04-25T14:34:20Z
582;1;-22.713.343.407.958.700;-47.628.626.609.221.100;545.204.833.984.375;2025-04-25T14:34:25Z
583;1;-22.713.346.676.900.900;-47.628.471.376.374.300;545.685.546.875;2025-04-25T14:34:30Z
584;1;-2.271.349.361.166.350;-47.628.531.390.801.000;545.204.833.984.375;2025-04-25T14:34:35Z
585;1;-22.713.397.303.596.100;-47.628.663.824.871.100;545.685.546.875;2025-04-25T14:34:40Z
586;1;-22.713.302.588.090.300;-47.628.537.341.952.300;545.685.546.875;2025-04-25T14:34:45Z
587;1;-22.713.440.554.216.500;-47.628.477.495.163.600;546.166.259.765.625;2025-04-25T14:34:50Z
588;1;-22.713.463.772.088.200;-47.628.633.482.381.700;5.466.468.505.859.370;2025-04-25T14:34:55Z
589;1;-22.713.318.010.792.100;-47.628.603.558.987.300;5.466.468.505.859.370;2025-04-25T14:35:00Z
590;1;-22.713.383.473.455.900;-47.628.453.690.558.600;54.712.744.140.625;2025-04-25T14:35:05Z
591;1;-22.713.498.473.167.400;-47.628.564.164.042.400;54.712.744.140.625;2025-04-25T14:35:10Z
592;1;-22.713.368.888.944.300;-47.628.653.766.587.300;5.466.468.505.859.370;2025-04-25T14:35:15Z
593;1;-22.713.315.663.859.200;-47.628.509.514.033.700;54.712.744.140.625;2025-04-25T14:35:20Z
594;1;-22.713.466.621.935.300;-47.628.506.664.186.700;54.712.744.140.625;2025-04-25T14:35:25Z
595;1;-22.713.434.435.427.100;-476.286.646.630.615;5.466.468.505.859.370;2025-04-25T14:35:30Z
596;1;-22.713.302.168.995.100;-47.628.581.430.763.000;54.712.744.140.625;2025-04-25T14:35:35Z
597;1;-22.713.410.379.365.000;-47.628.468.610.346.300;5.466.468.505.859.370;2025-04-25T14:35:40Z
598;1;-22.713.488.582.521.600;-47.628.611.940.890.500;546.166.259.765.625;2025-04-25T14:35:45Z
599;1;-22.713.342.653.587.400;-47.628.640.439.361.300;546.166.259.765.625;2025-04-25T14:35:50Z
600;1;-22.713.350.281.119.300;-47.628.475.734.964.000;5.466.468.505.859.370;2025-04-25T14:35:55Z
601;1;-22.713.493.192.568.400;-47.628.534.156.829.100;545.685.546.875;2025-04-25T14:36:00Z
602;1;-22.713.405.769.318.300;-47.628.665.836.527.900;545.685.546.875;2025-04-25T14:36:05Z
603;1;-22.713.307.365.775.100;-47.628.538.263.961.600;546.166.259.765.625;2025-04-25T14:36:10Z
604;1;-22.713.443.906.977.700;-47.628.482.608.124.600;546.166.259.765.625;2025-04-25T14:36:15Z
605;1;-2.271.346.234.716.470;-47.628.644.043.579.600;546.166.259.765.625;2025-04-25T14:36:20Z
606;1;-22.713.311.724.364.700;-47.628.617.389.127.600;545.685.546.875;2025-04-25T14:36:25Z
607;1;-22.713.369.056.582.400;-47.628.460.060.805.000;546.166.259.765.625;2025-04-25T14:36:30Z
608;1;-22.713.491.264.730.600;-47.628.563.074.395.000;546.166.259.765.625;2025-04-25T14:36:35Z
609;1;-22.713.369.056.582.400;-4.762.864.806.689.320;546.166.259.765.625;2025-04-25T14:36:40Z
610;1;-22.713.318.848.982.400;-47.628.497.024.998.000;546.166.259.765.625;2025-04-25T14:36:45Z
611;1;-22.713.469.471.782.400;-4.762.849.266.640.840;546.166.259.765.625;2025-04-25T14:36:50Z
612;1;-22.713.445.667.177.400;-47.628.647.312.521.900;545.685.546.875;2025-04-25T14:36:55Z
613;1;-22.713.304.935.023.100;-47.628.566.762.432.400;546.166.259.765.625;2025-04-25T14:37:00Z
614;1;-22.713.405.769.318.300;-47.628.457.630.053.100;5.466.468.505.859.370;2025-04-25T14:37:05Z
615;1;-22.713.480.284.437.500;-47.628.598.613.664.500;54.712.744.140.625;2025-04-25T14:37:10Z
616;1;-22.713.334.523.141.300;-47.628.634.572.029.100;54.712.744.140.625;2025-04-25T14:37:15Z
617;1;-22.713.340.055.197.400;-47.628.472.801.297.900;5.480.888.671.875;2025-04-25T14:37:20Z
618;1;-22.713.490.761.816.500;-47.628.524.098.545.300;547.608.154.296.875;2025-04-25T14:37:25Z
619;1;-22.713.408.954.441.500;-47.628.659.717.738.600;547.608.154.296.875;2025-04-25T14:37:30Z
620;1;-22.713.302.336.633.200;-47.628.536.419.942.900;54.712.744.140.625;2025-04-25T14:37:35Z
621;1;-22.713.436.027.988.700;-47.628.467.604.517.900;54.712.744.140.625;2025-04-25T14:37:40Z
622;1;-22.713.464.694.097.600;-47.628.627.950.325.600;54.712.744.140.625;2025-04-25T14:37:45Z
623;1;-22.713.316.669.687.600;-47.628.612.779.080.800;54.712.744.140.625;2025-04-25T14:37:50Z
624;1;-22.713.368.386.030.100;-47.628.458.216.786.300;547.608.154.296.875;2025-04-25T14:37:55Z
625;1;-22.713.490.258.902.300;-47.628.562.403.842.800;547.608.154.296.875;2025-04-25T14:38:00Z
626;1;-22.713.367.380.201.800;-47.628.656.616.434.400;54.712.744.140.625;2025-04-25T14:38:05Z
627;1;-22.713.311.305.269.500;-47.628.506.161.272.500;547.608.154.296.875;2025-04-25T14:38:10Z
628;1;-22.713.462.179.526.600;-47.628.486.212.342.900;5.480.888.671.875;2025-04-25T14:38:15Z
629;1;-22.713.441.560.044.800;-47.628.640.187.904.200;547.608.154.296.875;2025-04-25T14:38:20Z
630;1;-22.713.308.539.241.500;-47.628.561.481.833.400;54.712.744.140.625;2025-04-25T14:38:25Z
631;1;-22.713.411.217.555.400;-47.628.448.996.692.800;54.712.744.140.625;2025-04-25T14:38:30Z
632;1;-2.271.348.824.724.550;-47.628.594.171.255.800;547.608.154.296.875;2025-04-25T14:38:35Z
633;1;-22.713.345.251.977.400;-47.628.640.020.266.100;547.608.154.296.875;2025-04-25T14:38:40Z
634;1;-22.713.341.731.578.100;-47.628.478.249.534.900;5.480.888.671.875;2025-04-25T14:38:45Z
635;1;-22.713.487.157.598.100;-47.628.523.427.993.000;5.480.888.671.875;2025-04-25T14:38:50Z
636;1;-22.713.406.607.508.600;-47.628.655.610.606.000;5.480.888.671.875;2025-04-25T14:38:55Z
637;1;-22.713.300.324.976.400;-47.628.529.546.782.300;5.480.888.671.875;2025-04-25T14:39:00Z
638;1;-22.713.439.045.473.900;-476.284.643.355.757;5.480.888.671.875;2025-04-25T14:39:05Z
639;1;-22.713.472.992.181.700;-47.628.630.129.620.400;5.480.888.671.875;2025-04-25T14:39:10Z
640;1;-22.713.322.537.019.800;-47.628.614.036.366.300;5.485.693.359.375;2025-04-25T14:39:15Z
641;1;-22.713.371.990.248.500;-47.628.457.797.691.200;5.480.888.671.875;2025-04-25T14:39:20Z
642;1;-227.134.960.424.155;-47.628.563.158.214.000;5.480.888.671.875;2025-04-25T14:39:25Z
643;1;-22.713.377.606.123.600;-47.628.660.388.290.800;5.480.888.671.875;2025-04-25T14:39:30Z
644;1;-22.713.314.658.030.800;-47.628.509.597.852.800;5.480.888.671.875;2025-04-25T14:39:35Z
645;1;-22.713.466.789.573.400;-47.628.488.894.551.900;5.480.888.671.875;2025-04-25T14:39:40Z
646;1;-22.713.442.062.959.000;-4.762.865.100.055.930;547.608.154.296.875;2025-04-25T14:39:45Z
647;1;-22.713.306.443.765.700;-47.628.585.956.990.700;5.480.888.671.875;2025-04-25T14:39:50Z
648;1;-22.713.403.087.109.300;-47.628.459.725.528.900;5.480.888.671.875;2025-04-25T14:39:55Z
649;1;-2.271.349.067.799.740;-47.628.595.260.903.200;547.608.154.296.875;2025-04-25T14:40:00Z
650;1;-22.713.349.275.290.900;-47.628.648.988.902.500;54.712.744.140.625;2025-04-25T14:40:05Z
651;1;-22.713.342.653.587.400;-47.628.482.105.210.400;547.608.154.296.875;2025-04-25T14:40:10Z
652;1;-22.713.489.755.988.100;-47.628.520.829.603.000;547.608.154.296.875;2025-04-25T14:40:15Z
653;1;-22.713.420.102.372.700;-47.628.663.908.690.200;547.608.154.296.875;2025-04-25T14:40:20Z
654;1;-22.713.312.562.555.000;-47.628.545.388.579.300;547.608.154.296.875;2025-04-25T14:40:25Z
655;1;-22.713.445.164.263.200;-47.628.472.549.840.800;5.480.888.671.875;2025-04-25T14:40:30Z
656;1;-22.713.485.565.036.500;-47.628.628.117.963.600;5.480.888.671.875;2025-04-25T14:40:35Z
657;1;-22.713.329.577.818.500;-47.628.610.264.509.900;5.485.693.359.375;2025-04-25T14:40:40Z
658;1;-22.713.370.900.601.100;-47.628.462.240.099.900;5.485.693.359.375;2025-04-25T14:40:45Z
659;1;-22.713.490.845.635.500;-47.628.554.105.758.600;5.485.693.359.375;2025-04-25T14:40:50Z
660;1;-22.713.378.863.409.100;-47.628.658.041.357.900;549.050.048.828.125;2025-04-25T14:40:55Z
661;1;-22.713.316.585.868.500;-47.628.508.005.291.200;5.485.693.359.375;2025-04-25T14:41:00Z
662;1;-22.713.466.454.297.300;-47.628.485.457.971.600;549.050.048.828.125;2025-04-25T14:41:05Z
663;1;-22.713.447.427.377.100;-47.628.640.606.999.300;549.050.048.828.125;2025-04-25T14:41:10Z
664;1;-22.713.307.701.051.200;-47.628.575.228.154.600;5.485.693.359.375;2025-04-25T14:41:15Z
665;1;-22.713.401.662.185.700;-47.628.456.708.043.800;5.485.693.359.375;2025-04-25T14:41:20Z
666;1;-22.713.490.594.178.400;-47.628.587.214.276.100;5.485.693.359.375;2025-04-25T14:41:25Z
667;1;-22.713.347.179.815.100;-47.628.643.456.846.400;5.485.693.359.375;2025-04-25T14:41:30Z
668;1;-22.713.338.797.912.000;-47.628.479.087.725.200;5.485.693.359.375;2025-04-25T14:41:35Z
669;1;-2.271.348.724.141.710;-47.628.515.297.546.900;5.480.888.671.875;2025-04-25T14:41:40Z
670;1;-22.713.417.839.258.900;-47.628.661.142.662.100;5.480.888.671.875;2025-04-25T14:41:45Z
671;1;-22.713.311.472.907.600;-47.628.543.293.103.500;5.480.888.671.875;2025-04-25T14:41:50Z
672;1;-22.713.438.291.102.600;-47.628.468.358.889.200;5.480.888.671.875;2025-04-25T14:41:55Z
673;1;-22.713.474.836.200.400;-4.762.862.560.339.270;5.485.693.359.375;2025-04-25T14:42:00Z
674;1;-22.713.322.034.105.600;-47.628.618.311.136.900;5.480.888.671.875;2025-04-25T14:42:05Z
675;1;-22.713.363.440.707.300;-47.628.460.396.081.200;5.485.693.359.375;2025-04-25T14:42:10Z
676;1;-22.713.490.258.902.300;-47.628.554.357.215.700;5.480.888.671.875;2025-04-25T14:42:15Z
677;1;-22.713.375.175.371.700;-47.628.649.407.997.700;5.480.888.671.875;2025-04-25T14:42:20Z
678;1;-22.713.308.120.146.300;-47.628.505.071.625.100;547.608.154.296.875;2025-04-25T14:42:25Z
679;1;-22.713.454.468.175.700;-47.628.483.194.857.800;5.480.888.671.875;2025-04-25T14:42:30Z
680;1;-22.713.443.739.339.700;-47.628.640.187.904.200;5.480.888.671.875;2025-04-25T14:42:35Z
681;1;-22.713.305.521.756.400;-47.628.582.436.591.300;5.480.888.671.875;2025-04-25T14:42:40Z
682;1;-22.713.395.543.396.400;-47.628.451.092.168.600;5.480.888.671.875;2025-04-25T14:42:45Z
683;1;-22.713.490.761.816.500;-4.762.858.260.422.940;5.480.888.671.875;2025-04-25T14:42:50Z
684;1;-22.713.348.772.376.700;-47.628.634.488.210.000;5.480.888.671.875;2025-04-25T14:42:55Z
685;1;-22.713.333.684.951.000;-47.628.473.471.850.100;547.608.154.296.875;2025-04-25T14:43:00Z
686;1;-2.271.348.288.282.750;-47.628.511.525.690.500;547.608.154.296.875;2025-04-25T14:43:05Z
687;1;-22.713.421.694.934.300;-47.628.651.168.197.300;547.608.154.296.875;2025-04-25T14:43:10Z
688;1;-22.713.306.695.222.800;-47.628.543.125.465.500;5.480.888.671.875;2025-04-25T14:43:15Z
689;1;-22.713.431.501.761.000;-47.628.455.702.215.400;5.480.888.671.875;2025-04-25T14:43:20Z
690;1;-22.713.479.278.609.100;-47.628.618.814.051.100;547.608.154.296.875;2025-04-25T14:43:25Z
691;1;-2.271.332.404.576.240;-47.628.611.605.614.400;54.712.744.140.625;2025-04-25T14:43:30Z
692;1;-22.713.364.781.811.800;-47.628.457.965.329.200;547.608.154.296.875;2025-04-25T14:43:35Z
693;1;-22.713.492.102.921.000;-4.762.853.717.431.420;5.480.888.671.875;2025-04-25T14:43:40Z
694;1;-22.713.385.401.293.600;-47.628.647.396.340.900;5.480.888.671.875;2025-04-25T14:43:45Z
695;1;-22.713.311.053.812.500;-47.628.508.424.386.300;5.480.888.671.875;2025-04-25T14:43:50Z
696;1;-22.713.459.664.955.700;-47.628.476.656.973.300;5.480.888.671.875;2025-04-25T14:43:55Z
697;1;-22.713.452.037.423.800;-47.628.637.254.238.100;5.480.888.671.875;2025-04-25T14:44:00Z
698;1;-22.713.307.114.318.000;-47.628.583.693.876.800;5.480.888.671.875;2025-04-25T14:44:05Z
699;1;-22.713.394.621.387.100;-4.762.845.603.749.150;547.608.154.296.875;2025-04-25T14:44:10Z
700;1;-22.713.495.455.682.200;-47.628.581.514.582.000;547.608.154.296.875;2025-04-25T14:44:15Z
701;1;-22.713.358.579.203.400;-47.628.641.361.370.600;54.712.744.140.625;2025-04-25T14:44:20Z
702;1;-22.713.335.361.331.700;-47.628.483.278.676.800;547.608.154.296.875;2025-04-25T14:44:25Z
703;1;-22.713.480.619.713.600;-47.628.506.999.462.800;5.480.888.671.875;2025-04-25T14:44:30Z
704;1;-22.713.424.125.686.200;-47.628.655.107.691.800;5.480.888.671.875;2025-04-25T14:44:35Z
705;1;-22.713.313.065.469.200;-47.628.543.879.836.700;5.480.888.671.875;2025-04-25T14:44:40Z
706;1;-22.713.436.111.807.800;-47.628.461.150.452.400;5.480.888.671.875;2025-04-25T14:44:45Z
707;1;-22.713.495.120.406.100;-47.628.614.287.823.400;5.480.888.671.875;2025-04-25T14:44:50Z
708;1;-22.713.344.497.606.100;-47.628.621.244.803.000;547.608.154.296.875;2025-04-25T14:44:55Z
709;1;-22.713.369.727.134.700;-47.628.462.323.918.900;54.712.744.140.625;2025-04-25T14:45:00Z
710;1;-22.713.503.334.671.200;-47.628.542.957.827.400;54.712.744.140.625;2025-04-25T14:45:05Z
711;1;-22.713.399.650.529.000;-47.628.653.682.768.300;54.712.744.140.625;2025-04-25T14:45:10Z
712;1;-227.133.216.150.105;-476.285.161.357.373;547.608.154.296.875;2025-04-25T14:45:15Z
713;1;-22.713.463.101.536.000;-47.628.482.524.305.500;54.712.744.140.625;2025-04-25T14:45:20Z
714;1;-22.713.463.688.269.200;-47.628.637.002.781.000;547.608.154.296.875;2025-04-25T14:45:25Z
715;1;-22.713.311.724.364.700;-4.762.858.746.573.320;5.480.888.671.875;2025-04-25T14:45:30Z
716;1;-22.713.393.364.101.600;-47.628.454.361.110.900;5.480.888.671.875;2025-04-25T14:45:35Z
717;1;-22.713.495.455.682.200;-47.628.580.005.839.400;5.480.888.671.875;2025-04-25T14:45:40Z
718;1;-22.713.357.489.556.000;-47.628.654.018.044.400;5.480.888.671.875;2025-04-25T14:45:45Z
719;1;-22.713.332.511.484.600;-47.628.485.290.333.600;547.608.154.296.875;2025-04-25T14:45:50Z
720;1;-22.713.490.007.445.200;-47.628.511.525.690.500;547.608.154.296.875;2025-04-25T14:45:55Z
721;1;-22.713.429.909.199.400;-47.628.661.058.843.100;54.712.744.140.625;2025-04-25T14:46:00Z
722;1;-22.713.308.539.241.500;-47.628.550.585.359.300;54.712.744.140.625;2025-04-25T14:46:05Z
723;1;-22.713.429.490.104.300;-47.628.464.251.756.600;54.712.744.140.625;2025-04-25T14:46:10Z
724;1;-22.713.483.972.474.900;-47.628.613.784.909.200;547.608.154.296.875;2025-04-25T14:46:15Z
725;1;-22.713.337.624.445.500;-4.762.861.873.023.210;5.480.888.671.875;2025-04-25T14:46:20Z
726;1;-22.713.365.033.268.900;-47.628.459.809.347.900;5.480.888.671.875;2025-04-25T14:46:25Z
727;1;-22.713.500.233.367.000;-476.285.385.992.378;5.480.888.671.875;2025-04-25T14:46:30Z
728;1;-22.713.398.979.976.700;-47.628.657.203.167.600;549.050.048.828.125;2025-04-25T14:46:35Z
729;1;-22.713.315.580.040.200;-47.628.512.782.976.000;5.480.888.671.875;2025-04-25T14:46:40Z
730;1;-22.713.463.017.717.000;-47.628.476.992.249.400;549.050.048.828.125;2025-04-25T14:46:45Z
731;1;-22.713.464.694.097.600;-47.628.632.979.467.500;54.953.076.171.875;2025-04-25T14:46:50Z
732;1;-2.271.331.524.476.400;-47.628.585.286.438.400;54.953.076.171.875;2025-04-25T14:46:55Z
733;1;-22.713.392.274.454.200;-47.628.453.858.196.700;54.953.076.171.875;2025-04-25T14:47:00Z
734;1;-2.271.349.118.091.160;-47.628.575.647.249.800;54.953.076.171.875;2025-04-25T14:47:05Z
735;1;-22.713.360.590.860.200;-47.628.651.252.016.400;54.953.076.171.875;2025-04-25T14:47:10Z
736;1;-22.713.328.655.809.100;-47.628.487.385.809.400;54.953.076.171.875;2025-04-25T14:47:15Z
737;1;-22.713.479.027.152.000;-47.628.512.531.518.900;549.050.048.828.125;2025-04-25T14:47:20Z
738;1;-22.713.429.741.561.400;-47.628.662.819.042.800;549.050.048.828.125;2025-04-25T14:47:25Z
739;1;-22.713.306.108.489.600;-47.628.561.314.195.300;5.485.693.359.375;2025-04-25T14:47:30Z
740;1;-22.713.425.131.514.600;-4.762.845.897.115.760;5.485.693.359.375;2025-04-25T14:47:35Z
741;1;-22.713.490.426.540.300;-47.628.605.403.006.000;549.050.048.828.125;2025-04-25T14:47:40Z
742;1;-22.713.335.109.874.600;-47.628.622.082.993.300;549.050.048.828.125;2025-04-25T14:47:45Z
743;1;-22.713.361.512.869.500;-47.628.459.725.528.900;5.485.693.359.375;2025-04-25T14:47:50Z
744;1;-22.713.495.707.139.300;-47.628.534.743.562.300;549.050.048.828.125;2025-04-25T14:47:55Z
745;1;-22.713.398.477.062.500;-47.628.652.760.758.900;549.050.048.828.125;2025-04-25T14:48:00Z
746;1;-22.713.316.082.954.400;-47.628.517.309.203.700;549.050.048.828.125;2025-04-25T14:48:05Z
747;1;-22.713.455.725.461.200;-47.628.471.376.374.300;5.485.693.359.375;2025-04-25T14:48:10Z
748;1;-22.713.463.017.717.000;-47.628.633.566.200.700;549.050.048.828.125;2025-04-25T14:48:15Z
749;1;-22.713.318.094.611.100;-4.762.859.333.306.550;5.485.693.359.375;2025-04-25T14:48:20Z
750;1;-22.713.388.670.235.800;-47.628.459.222.614.700;5.480.888.671.875;2025-04-25T14:48:25Z
751;1;-22.713.499.059.900.600;-47.628.580.005.839.400;5.480.888.671.875;2025-04-25T14:48:30Z
752;1;-22.713.377.857.580.700;-47.628.652.174.025.700;5.480.888.671.875;2025-04-25T14:48:35Z
753;1;-22.713.341.480.121.000;-47.628.489.648.923.200;5.480.888.671.875;2025-04-25T14:48:40Z
754;1;-2.271.348.824.724.550;-47.628.508.089.110.200;5.480.888.671.875;2025-04-25T14:48:45Z
755;1;-22.713.443.487.882.600;-47.628.662.148.490.500;5.480.888.671.875;2025-04-25T14:48:50Z
756;1;-22.713.318.597.525.300;-4.762.856.500.223.270;547.608.154.296.875;2025-04-25T14:48:55Z
757;1;-22.713.427.226.990.400;-47.628.468.777.984.300;5.480.888.671.875;2025-04-25T14:49:00Z
758;1;-2.271.349.361.166.350;-47.628.611.521.795.300;5.480.888.671.875;2025-04-25T14:49:05Z
759;1;-22.713.344.078.511;-47.628.630.883.991.700;5.480.888.671.875;2025-04-25T14:49:10Z
760;1;-22.713.363.608.345.300;-47.628.473.807.126.200;5.485.693.359.375;2025-04-25T14:49:15Z
761;1;-22.713.504.424.318.600;-47.628.537.677.228.400;5.480.888.671.875;2025-04-25T14:49:20Z
762;1;-2.271.340.711.042.280;-47.628.661.813.214.400;5.480.888.671.875;2025-04-25T14:49:25Z
763;1;-22.713.319.770.991.800;-47.628.525.020.554.600;5.480.888.671.875;2025-04-25T14:49:30Z
764;1;-22.713.460.335.507.900;-47.628.477.076.068.500;5.480.888.671.875;2025-04-25T14:49:35Z
765;1;-22.713.467.041.030.500;-4.762.863.683.514.290;5.480.888.671.875;2025-04-25T14:49:40Z
766;1;-22.713.322.034.105.600;-47.628.599.870.949.900;549.050.048.828.125;2025-04-25T14:49:45Z
767;1;-2.271.338.758.058.840;-47.628.458.887.338.600;5.485.693.359.375;2025-04-25T14:49:50Z
768;1;-22.713.497.970.253.200;-47.628.572.881.221.700;5.485.693.359.375;2025-04-25T14:49:55Z
769;1;-22.713.370.649.144.000;-47.628.648.234.531.200;5.485.693.359.375;2025-04-25T14:50:00Z
770;1;-22.713.326.225.057.200;-47.628.491.995.856.100;5.485.693.359.375;2025-04-25T14:50:05Z
771;1;-22.713.477.518.409.400;-47.628.499.958.664.100;5.485.693.359.375;2025-04-25T14:50:10Z
772;1;-22.713.442.062.959.000;-47.628.651.754.930.600;5.480.888.671.875;2025-04-25T14:50:15Z
773;1;-22.713.314.490.392.800;-47.628.563.242.033.100;547.608.154.296.875;2025-04-25T14:50:20Z
774;1;-22.713.420.940.563.000;-47.628.461.234.271.500;5.480.888.671.875;2025-04-25T14:50:25Z
775;1;-22.713.492.102.921.000;-47.628.606.073.558.300;5.480.888.671.875;2025-04-25T14:50:30Z
776;1;-22.713.346.341.624.800;-47.628.628.453.239.700;5.480.888.671.875;2025-04-25T14:50:35Z
777;1;-22.713.355.058.804.100;-47.628.465.509.042.100;547.608.154.296.875;2025-04-25T14:50:40Z
778;1;-22.713.498.137.891.200;-47.628.534.743.562.300;5.480.888.671.875;2025-04-25T14:50:45Z
779;1;-227.134.183.421.731;-47.628.660.891.205.000;5.480.888.671.875;2025-04-25T14:50:50Z
780;1;-22.713.317.172.601.800;-47.628.531.055.524.900;547.608.154.296.875;2025-04-25T14:50:55Z
781;1;-22.713.458.407.670.200;-4.762.848.143.465.810;547.608.154.296.875;2025-04-25T14:51:00Z
782;1;-22.713.475.842.028.800;-47.628.639.433.532.900;547.608.154.296.875;2025-04-25T14:51:05Z
783;1;-22.713.321.195.915.300;-47.628.606.576.472.500;5.480.888.671.875;2025-04-25T14:51:10Z
784;1;-22.713.384.227.827.100;-47.628.467.353.060.800;5.480.888.671.875;2025-04-25T14:51:15Z
785;1;-22.713.496.461.510.600;-47.628.580.257.296.500;5.480.888.671.875;2025-04-25T14:51:20Z
786;1;-22.713.378.611.952.000;-47.628.658.544.272.100;5.485.693.359.375;2025-04-25T14:51:25Z
787;1;-22.713.332.008.570.400;-47.628.500.796.854.400;5.480.888.671.875;2025-04-25T14:51:30Z
788;1;-22.713.479.865.342.300;-47.628.496.773.540.900;547.608.154.296.875;2025-04-25T14:51:35Z
789;1;-22.713.440.805.673.500;-4.762.865.100.055.930;547.608.154.296.875;2025-04-25T14:51:40Z
790;1;-22.713.312.562.555.000;-47.628.558.799.624.400;5.480.888.671.875;2025-04-25T14:51:45Z
791;1;-22.713.420.856.744.000;-4.762.845.947.407.180;5.480.888.671.875;2025-04-25T14:51:50Z
792;1;-22.713.490.510.359.400;-47.628.607.833.757.900;549.050.048.828.125;2025-04-25T14:51:55Z
793;1;-22.713.344.246.149.000;-47.628.636.751.323.900;549.050.048.828.125;2025-04-25T14:52:00Z
794;1;-2.271.334.801.800.540;-47.628.474.812.954.600;5.485.693.359.375;2025-04-25T14:52:05Z
795;1;-22.713.490.091.264.200;-47.628.527.535.125.600;5.480.888.671.875;2025-04-25T14:52:10Z
796;1;-22.713.406.356.051.500;-47.628.661.310.300.200;5.480.888.671.875;2025-04-25T14:52:15Z
797;1;-22.713.319.268.077.600;-47.628.529.379.144.300;5.485.693.359.375;2025-04-25T14:52:20Z
798;1;-22.713.452.791.795.100;-47.628.471.376.374.300;5.480.888.671.875;2025-04-25T14:52:25Z
799;1;-22.713.483.553.379.700;-47.628.637.170.419.000;5.485.693.359.375;2025-04-25T14:52:30Z
800;1;-22.713.332.679.122.600;-47.628.614.874.556.600;5.485.693.359.375;2025-04-25T14:52:35Z
801;1;-22.713.391.352.444.800;-47.628.464.754.670.800;5.485.693.359.375;2025-04-25T14:52:40Z
802;1;-22.713.510.124.012.800;-47.628.570.115.193.700;549.050.048.828.125;2025-04-25T14:52:45Z
803;1;-22.713.383.976.370.000;-47.628.658.376.634.100;54.953.076.171.875;2025-04-25T14:52:50Z
804;1;-22.713.330.583.646.800;-47.628.498.617.559.600;549.050.048.828.125;2025-04-25T14:52:55Z
805;1;-22.713.476.680.219.100;-47.628.498.366.102.500;54.953.076.171.875;2025-04-25T14:53:00Z
806;1;-22.713.444.493.710.900;-4.762.865.100.055.930;54.953.076.171.875;2025-04-25T14:53:05Z
807;1;-2.271.330.937.743.180;-47.628.571.959.212.400;549.050.048.828.125;2025-04-25T14:53:10Z
808;1;-22.713.410.630.822.100;-47.628.454.780.206.000;549.050.048.828.125;2025-04-25T14:53:15Z
809;1;-22.713.492.689.654.200;-4.762.859.920.039.770;549.050.048.828.125;2025-04-25T14:53:20Z
810;1;-22.713.350.700.214.500;-47.628.635.913.133.600;5.480.888.671.875;2025-04-25T14:53:25Z
811;1;-22.713.355.896.994.400;-47.628.476.656.973.300;5.480.888.671.875;2025-04-25T14:53:30Z
812;1;-2.271.349.897.608.160;-47.628.527.702.763.600;5.485.693.359.375;2025-04-25T14:53:35Z
813;1;-22.713.412.893.936.000;-47.628.663.992.509.200;549.050.048.828.125;2025-04-25T14:53:40Z
814;1;-22.713.309.042.155.700;-4.762.853.717.431.420;549.050.048.828.125;2025-04-25T14:53:45Z
815;1;-22.713.442.062.959.000;-4.762.846.726.924.180;5.480.888.671.875;2025-04-25T14:53:50Z
816;1;-22.713.469.639.420.500;-47.628.628.872.334.900;5.485.693.359.375;2025-04-25T14:53:55Z
817;1;-22.713.319.435.715.600;-47.628.609.761.595.700;5.485.693.359.375;2025-04-25T14:54:00Z
818;1;-22.713.375.091.552.700;-47.628.460.396.081.200;547.608.154.296.875;2025-04-25T14:54:05Z
819;1;-22.713.497.215.881.900;-47.628.557.458.519.900;5.480.888.671.875;2025-04-25T14:54:10Z
820;1;-22.713.373.750.448.200;-47.628.651.838.749.600;5.480.888.671.875;2025-04-25T14:54:15Z
821;1;-22.713.317.675.516.000;-47.628.496.773.540.900;547.608.154.296.875;2025-04-25T14:54:20Z
822;1;-22.713.466.538.116.300;-4.762.848.780.490.450;547.608.154.296.875;2025-04-25T14:54:25Z
823;1;-22.713.439.548.388.100;-47.628.651.754.930.600;5.480.888.671.875;2025-04-25T14:54:30Z
824;1;-22.713.307.114.318.000;-4.762.857.623.398.300;5.480.888.671.875;2025-04-25T14:54:35Z
825;1;-22.713.401.829.823.800;-47.628.460.815.176.300;547.608.154.296.875;2025-04-25T14:54:40Z
826;1;-22.713.489.420.711.900;-47.628.605.319.187.000;5.480.888.671.875;2025-04-25T14:54:45Z
827;1;-22.713.349.442.929.000;-47.628.646.725.788.700;5.485.693.359.375;2025-04-25T14:54:50Z
828;1;-22.713.349.359.109.900;-47.628.481.686.115.200;5.485.693.359.375;2025-04-25T14:54:55Z
829;1;-22.713.487.995.788.400;-47.628.526.110.202.000;5.485.693.359.375;2025-04-25T14:55:00Z
830;1;-22.713.409.457.355.700;-47.628.662.399.947.600;549.050.048.828.125;2025-04-25T14:55:05Z
831;1;-22.713.308.036.327.300;-47.628.536.839.038.100;549.050.048.828.125;2025-04-25T14:55:10Z
832;1;-227.134.442.422.539;-47.628.466.347.232.400;5.480.888.671.875;2025-04-25T14:55:15Z
833;1;-22.713.480.787.351.700;-47.628.625.268.116.500;5.480.888.671.875;2025-04-25T14:55:20Z
834;1;-22.713.330.080.732.700;-47.628.609.091.043.400;5.485.693.359.375;2025-04-25T14:55:25Z
835;1;-22.713.375.175.371.700;-47.628.460.060.805.000;5.485.693.359.375;2025-04-25T14:55:30Z
836;1;-22.713.499.646.633.800;-47.628.561.984.747.600;5.485.693.359.375;2025-04-25T14:55:35Z
837;1;-22.713.381.461.799.100;-47.628.656.029.701.200;549.050.048.828.125;2025-04-25T14:55:40Z
838;1;-22.713.319.268.077.600;-47.628.503.646.701.500;549.050.048.828.125;2025-04-25T14:55:45Z
839;1;-22.713.466.957.211.400;-47.628.485.038.876.500;5.485.693.359.375;2025-04-25T14:55:50Z
840;1;-22.713.450.444.862.200;-47.628.643.708.303.500;5.480.888.671.875;2025-04-25T14:55:55Z
841;1;-2.271.332.111.209.630;-47.628.567.349.165.600;5.480.888.671.875;2025-04-25T14:56:00Z
842;1;-22.713.420.605.286.900;-47.628.451.930.359.000;5.480.888.671.875;2025-04-25T14:56:05Z
843;1;-22.713.502.580.299.900;-47.628.593.584.522.600;5.485.693.359.375;2025-04-25T14:56:10Z
844;1;-22.713.360.004.127.000;-47.628.641.193.732.600;5.480.888.671.875;2025-04-25T14:56:15Z
845;1;-22.713.343.156.501.600;-47.628.480.093.553.600;5.485.693.359.375;2025-04-25T14:56:20Z
846;1;-2.271.349.067.799.740;-47.628.520.159.050.800;5.480.888.671.875;2025-04-25T14:56:25Z
847;1;-22.713.423.706.591.100;-47.628.656.700.253.400;549.050.048.828.125;2025-04-25T14:56:30Z
848;1;-22.713.311.221.450.500;-47.628.536.587.581.000;5.485.693.359.375;2025-04-25T14:56:35Z
849;1;-22.713.441.895.321.000;-47.628.468.107.432.100;5.485.693.359.375;2025-04-25T14:56:40Z
850;1;-22.713.478.608.056.900;-47.628.622.418.269.500;549.050.048.828.125;2025-04-25T14:56:45Z
851;1;-22.713.325.135.409.800;-47.628.609.593.957.600;5.480.888.671.875;2025-04-25T14:56:50Z
852;1;-22.713.369.475.677.600;-47.628.456.959.500.900;5.480.888.671.875;2025-04-25T14:56:55Z
853;1;-22.713.493.192.568.400;-47.628.553.183.749.300;549.050.048.828.125;2025-04-25T14:57:00Z
854;1;-22.713.380.707.427.800;-47.628.660.555.928.900;5.485.693.359.375;2025-04-25T14:57:05Z
855;1;-22.713.316.418.230.500;-47.628.510.016.947.900;5.480.888.671.875;2025-04-25T14:57:10Z
856;1;-22.713.462.514.802.800;-47.628.485.206.514.500;547.608.154.296.875;2025-04-25T14:57:15Z
857;1;-22.713.441.560.044.800;-47.628.644.127.398.700;5.485.693.359.375;2025-04-25T14:57:20Z
858;1;-22.713.305.940.851.500;-47.628.580.760.210.700;5.480.888.671.875;2025-04-25T14:57:25Z
859;1;-2.271.340.467.967.090;-47.628.455.953.672.500;5.480.888.671.875;2025-04-25T14:57:30Z
860;1;-22.713.498.724.624.500;-47.628.589.728.847.100;5.485.693.359.375;2025-04-25T14:57:35Z
861;1;-22.713.357.908.651.200;-47.628.641.026.094.500;5.485.693.359.375;2025-04-25T14:57:40Z
862;1;-22.713.345.419.615.500;-47.628.477.159.887.500;5.480.888.671.875;2025-04-25T14:57:45Z
863;1;-22.713.493.779.301.600;-47.628.510.352.224.100;5.480.888.671.875;2025-04-25T14:57:50Z
864;1;-22.713.427.562.266.500;-47.628.656.951.710.500;5.480.888.671.875;2025-04-25T14:57:55Z
865;1;-22.713.317.340.239.800;-47.628.542.622.551.300;547.608.154.296.875;2025-04-25T14:58:00Z
866;1;-22.713.445.834.815.500;-47.628.463.413.566.300;54.712.744.140.625;2025-04-25T14:58:05Z
867;1;-22.713.479.781.523.300;-47.628.617.808.222.700;5.480.888.671.875;2025-04-25T14:58:10Z
868;1;-22.713.334.439.322.300;-47.628.615.712.746.900;547.608.154.296.875;2025-04-25T14:58:15Z
869;1;-22.713.376.432.657.200;-47.628.461.318.090.500;5.480.888.671.875;2025-04-25T14:58:20Z
870;1;-22.713.503.083.214.100;-47.628.550.250.083.200;5.485.693.359.375;2025-04-25T14:58:25Z
871;1;-2.271.338.464.692.230;-47.628.655.526.787.000;5.480.888.671.875;2025-04-25T14:58:30Z
872;1;-22.713.311.137.631.500;-47.628.505.658.358.300;547.608.154.296.875;2025-04-25T14:58:35Z
873;1;-22.713.457.904.756.000;-47.628.475.818.783.000;54.712.744.140.625;2025-04-25T14:58:40Z
874;1;-22.713.446.086.272.500;-47.628.634.488.210.000;547.608.154.296.875;2025-04-25T14:58:45Z
875;1;-22.713.308.874.517.600;-47.628.573.551.774.000;547.608.154.296.875;2025-04-25T14:58:50Z
876;1;-22.713.398.896.157.700;-47.628.445.979.207.700;54.712.744.140.625;2025-04-25T14:58:55Z
877;1;-22.713.493.360.206.400;-47.628.579.838.201.400;547.608.154.296.875;2025-04-25T14:59:00Z
878;1;-22.713.348.856.195.800;-47.628.636.583.685.800;547.608.154.296.875;2025-04-25T14:59:05Z
879;1;-22.713.331.757.113.300;-47.628.478.584.811.000;547.608.154.296.875;2025-04-25T14:59:10Z
880;1;-22.713.483.553.379.700;-47.628.511.944.785.700;54.712.744.140.625;2025-04-25T14:59:15Z
881;1;-22.713.425.466.790.700;-47.628.660.053.014.700;547.608.154.296.875;2025-04-25T14:59:20Z
882;1;-22.713.311.724.364.700;-47.628.548.154.607.400;54.712.744.140.625;2025-04-25T14:59:25Z
883;1;-22.713.432.256.132.300;-47.628.462.491.557.000;5.480.888.671.875;2025-04-25T14:59:30Z
884;1;-22.713.474.417.105.300;-47.628.619.568.422.400;5.480.888.671.875;2025-04-25T14:59:35Z
885;1;-2.271.332.748.234.270;-47.628.627.279.773.300;5.480.888.671.875;2025-04-25T14:59:40Z
886;1;-22.713.357.992.470.200;-47.628.465.006.127.900;547.608.154.296.875;2025-04-25T14:59:45Z
887;1;-22.713.497.383.520.000;-47.628.540.191.799.400;547.608.154.296.875;2025-04-25T14:59:50Z
888;1;-22.713.399.399.071.900;-47.628.655.107.691.800;54.712.744.140.625;2025-04-25T14:59:55Z
889;1;-22.713.323.710.486.200;-47.628.517.476.841.800;5.466.468.505.859.370;2025-04-25T15:00:00Z
890;1;-22.713.465.448.468.900;-47.628.474.561.497.500;547.608.154.296.875;2025-04-25T15:00:05Z
891;1;-22.713.457.401.841.800;-47.628.637.421.876.100;5.480.888.671.875;2025-04-25T15:00:10Z
892;1;-22.713.310.550.898.300;-47.628.586.292.266.800;547.608.154.296.875;2025-04-25T15:00:15Z
893;1;-22.713.385.736.569.700;-47.628.451.678.901.900;54.712.744.140.625;2025-04-25T15:00:20Z
894;1;-22.713.484.726.846.200;-47.628.572.378.307.500;547.608.154.296.875;2025-04-25T15:00:25Z
895;1;-22.713.354.052.975.700;-47.628.639.936.447.100;54.712.744.140.625;2025-04-25T15:00:30Z
896;1;-22.713.331.421.837.200;-47.628.476.656.973.300;5.466.468.505.859.370;2025-04-25T15:00:35Z
897;1;-22.713.479.530.066.200;-47.628.499.958.664.100;5.466.468.505.859.370;2025-04-25T15:00:40Z
898;1;-22.713.419.767.096.600;-47.628.647.899.255.100;5.466.468.505.859.370;2025-04-25T15:00:45Z
899;1;-22.713.302.588.090.300;-4.762.854.790.315.030;5.466.468.505.859.370;2025-04-25T15:00:50Z
900;1;-22.713.426.137.343.000;-47.628.458.552.062.500;546.166.259.765.625;2025-04-25T15:00:55Z
901;1;-22.713.480.200.618.500;-47.628.610.180.690.800;546.166.259.765.625;2025-04-25T15:01:00Z
902;1;-22.713.329.745.456.500;-47.628.622.502.088.500;545.685.546.875;2025-04-25T15:01:05Z
903;1;-22.713.352.125.138.000;-47.628.462.156.280.800;546.166.259.765.625;2025-04-25T15:01:10Z
904;1;-22.713.489.085.435.800;-47.628.542.874.008.400;546.166.259.765.625;2025-04-25T15:01:15Z
905;1;-22.713.393.280.282.600;-47.628.659.382.462.500;546.166.259.765.625;2025-04-25T15:01:20Z
906;1;-22.713.307.533.413.100;-47.628.524.266.183.300;545.685.546.875;2025-04-25T15:01:25Z
907;1;-22.713.452.540.338.000;-4.762.848.143.465.810;545.204.833.984.375;2025-04-25T15:01:30Z
908;1;-2.271.345.597.691.830;-4.762.863.926.589.480;545.685.546.875;2025-04-25T15:01:35Z
909;1;-22.713.305.270.299.300;-47.628.594.003.617.700;545.204.833.984.375;2025-04-25T15:01:40Z
910;1;-22.713.377.270.847.500;-47.628.462.240.099.900;545.204.833.984.375;2025-04-25T15:01:45Z
911;1;-22.713.484.391.570.000;-47.628.584.029.152.900;545.204.833.984.375;2025-04-25T15:01:50Z
912;1;-22.713.349.359.109.900;-47.628.655.275.329.900;5.447.242.431.640.620;2025-04-25T15:01:55Z
913;1;-22.713.317.843.154.000;-47.628.493.504.598.700;5.447.242.431.640.620;2025-04-25T15:02:00Z
914;1;-22.713.463.017.717.000;-47.628.501.635.044.800;5.447.242.431.640.620;2025-04-25T15:02:05Z
915;1;-22.713.418.677.449.200;-47.628.650.749.102.200;5.447.242.431.640.620;2025-04-25T15:02:10Z
916;1;-22.713.292.697.444.500;-4.762.855.569.832.020;5.447.242.431.640.620;2025-04-25T15:02:15Z
917;1;-2.271.340.761.333.700;-47.628.456.791.862.800;5.447.242.431.640.620;2025-04-25T15:02:20Z
918;1;-22.713.474.584.743.300;-47.628.607.163.205.700;545.204.833.984.375;2025-04-25T15:02:25Z
919;1;-22.713.331.757.113.300;-47.628.631.973.639.100;5.447.242.431.640.620;2025-04-25T15:02:30Z
920;1;-22.713.348.856.195.800;-47.628.465.676.680.200;5.447.242.431.640.620;2025-04-25T15:02:35Z
921;1;-22.713.483.804.836.800;-47.628.532.145.172.300;545.685.546.875;2025-04-25T15:02:40Z
922;1;-2.271.339.881.233.870;-47.628.660.723.567.000;545.204.833.984.375;2025-04-25T15:02:45Z
923;1;-22.713.315.831.497.300;-47.628.522.422.164.600;54.424.365.234.375;2025-04-25T15:02:50Z
924;1;-22.713.450.025.767.000;-47.628.471.711.650.400;5.447.242.431.640.620;2025-04-25T15:02:55Z
925;1;-22.713.465.364.649.800;-47.628.636.583.685.800;545.204.833.984.375;2025-04-25T15:03:00Z
926;1;-22.713.314.574.211.800;-47.628.599.368.035.700;54.424.365.234.375;2025-04-25T15:03:05Z
927;1;-22.713.384.982.198.400;-47.628.453.522.920.600;545.204.833.984.375;2025-04-25T15:03:10Z
928;1;-22.713.493.444.025.500;-47.628.569.947.555.600;545.204.833.984.375;2025-04-25T15:03:15Z
929;1;-22.713.366.625.830.500;-47.628.646.222.874.500;545.204.833.984.375;2025-04-25T15:03:20Z
930;1;-2.271.332.748.234.270;-47.628.490.906.208.700;545.204.833.984.375;2025-04-25T15:03:25Z
931;1;-22.713.480.368.256.500;-47.628.499.623.388.000;545.204.833.984.375;2025-04-25T15:03:30Z
932;1;-22.713.434.854.522.300;-47.628.652.760.758.900;545.204.833.984.375;2025-04-25T15:03:35Z
933;1;-22.713.305.102.661.200;-47.628.561.230.376.300;545.204.833.984.375;2025-04-25T15:03:40Z
934;1;-22.713.413.564.488.200;-4.762.845.260.091.120;545.204.833.984.375;2025-04-25T15:03:45Z
935;1;-2.271.348.288.282.750;-4.762.859.970.331.190;545.204.833.984.375;2025-04-25T15:03:50Z
936;1;-22.713.331.002.742.000;-47.628.626.273.944.900;54.424.365.234.375;2025-04-25T15:03:55Z
937;1;-22.713.338.127.359.700;-47.628.467.604.517.900;54.424.365.234.375;2025-04-25T15:04:00Z
938;1;-22.713.475.842.028.800;-47.628.526.194.021.100;5.447.242.431.640.620;2025-04-25T15:04:05Z
939;1;-22.713.386.574.760.000;-47.628.654.353.320.500;5.447.242.431.640.620;2025-04-25T15:04:10Z
940;1;-2.271.329.864.859.580;-47.628.520.410.507.900;5.437.628.173.828.120;2025-04-25T15:04:15Z
941;1;-22.713.439.045.473.900;-47.628.460.060.805.000;54.424.365.234.375;2025-04-25T15:04:20Z
942;1;-22.713.451.199.233.500;-47.628.626.525.402.000;54.424.365.234.375;2025-04-25T15:04:25Z
943;1;-22.713.310.467.079.200;-47.628.595.679.998.300;54.424.365.234.375;2025-04-25T15:04:30Z
944;1;-22.713.376.516.476.200;-47.628.448.326.140.600;5.437.628.173.828.120;2025-04-25T15:04:35Z
945;1;-22.713.490.091.264.200;-47.628.563.074.395.000;5.447.242.431.640.620;2025-04-25T15:04:40Z
946;1;-22.713.366.290.554.400;-47.628.650.832.921.200;54.424.365.234.375;2025-04-25T15:04:45Z
947;1;-22.713.315.412.402.100;-47.628.494.426.608.000;5.447.242.431.640.620;2025-04-25T15:04:50Z
948;1;-22.713.462.095.707.600;-47.628.492.917.865.500;5.447.242.431.640.620;2025-04-25T15:04:55Z
949;1;-22.713.433.261.960.700;-47.628.652.928.397.000;5.447.242.431.640.620;2025-04-25T15:05:00Z
950;1;-22.713.303.845.375.700;-4.762.857.430.614.530;5.447.242.431.640.620;2025-04-25T15:05:05Z
951;1;-22.713.377.354.666.500;-47.628.455.786.034.400;54.424.365.234.375;2025-04-25T15:05:10Z
952;1;-22.713.492.019.101.900;-47.628.525.020.554.600;54.424.365.234.375;2025-04-25T15:05:15Z
953;1;-22.713.465.197.011.800;-47.628.632.811.829.400;5.447.242.431.640.620;2025-04-25T15:05:20Z
954;1;-22.713.366.206.735.300;-47.628.652.257.844.800;5.437.628.173.828.120;2025-04-25T15:05:25Z
955;1;-22.713.306.862.860.900;-47.628.580.005.839.400;5.437.628.173.828.120;2025-04-25T15:05:30Z
956;1;-22.713.315.915.316.300;-47.628.498.282.283.500;5.437.628.173.828.120;2025-04-25T15:05:35Z
957;1;-22.713.364.781.811.800;-47.628.460.815.176.300;5.432.821.044.921.870;2025-04-25T15:05:40Z
958;1;-22.713.432.423.770.400;-47.628.466.514.870.500;5.432.821.044.921.870;2025-04-25T15:05:45Z
959;1;-22.713.476.847.857.200;-47.628.494.929.522.200;5.437.628.173.828.120;2025-04-25T15:05:50Z
960;1;-22.713.497.299.700.900;-47.628.538.096.323.600;5.437.628.173.828.120;2025-04-25T15:05:55Z
961;1;-22.713.491.348.549.700;-47.628.570.953.384.000;54.424.365.234.375;2025-04-25T15:06:00Z
962;1;-22.713.481.038.808.800;-47.628.609.761.595.700;54.424.365.234.375;2025-04-25T15:06:05Z
963;1;-22.713.461.425.155.400;-47.628.640.523.180.300;5.432.821.044.921.870;2025-04-25T15:06:10Z
964;1;-2.271.343.644.708.390;-47.628.654.185.682.500;542.801.513.671.875;2025-04-25T15:06:15Z
965;1;-22.713.402.081.280.900;-47.628.650.749.102.200;5.423.209.228.515.620;2025-04-25T15:06:20Z
966;1;-22.713.363.273.069.200;-47.628.645.049.408.000;5.418.402.099.609.370;2025-04-25T15:06:25Z
967;1;-2.271.335.581.317.540;-47.628.630.129.620.400;5.413.594.970.703.120;2025-04-25T15:06:30Z
968;1;-2.271.335.631.608.960;-47.628.629.459.068.100;5.413.594.970.703.120;2025-04-25T15:06:35Z
969;1;-22.713.357.070.460.900;-47.628.628.620.877.800;5.413.594.970.703.120;2025-04-25T15:06:40Z
970;1;-22.713.356.399.908.600;-47.628.628.788.515.900;5.418.402.099.609.370;2025-04-25T15:06:45Z
971;1;-22.713.356.567.546.700;-47.628.627.866.506.500;5.418.402.099.609.370;2025-04-25T15:06:50Z
972;1;-22.713.356.399.908.600;-47.628.627.698.868.500;5.418.402.099.609.370;2025-04-25T15:06:55Z
973;1;-22.713.339.049.369.000;-47.628.626.441.583.000;5.418.402.099.609.370;2025-04-25T15:07:00Z
974;1;-22.713.317.424.058.900;-47.628.629.961.982.300;5.418.402.099.609.370;2025-04-25T15:07:05Z
975;1;-22.713.296.553.120.000;-4.762.864.270.247.510;5.423.209.228.515.620;2025-04-25T15:07:10Z
976;1;-22.713.281.381.875.200;-47.628.646.055.236.400;5.423.209.228.515.620;2025-04-25T15:07:15Z
977;1;-22.713.282.890.617.800;-47.628.644.714.131.900;5.423.209.228.515.620;2025-04-25T15:07:20Z
978;1;-22.713.293.619.453.900;-47.628.638.092.428.400;5.418.402.099.609.370;2025-04-25T15:07:25Z
979;1;-22.713.288.338.854.900;-47.628.636.918.962.000;5.418.402.099.609.370;2025-04-25T15:07:30Z
980;1;-22.713.288.757.950.000;-47.628.636.751.323.900;5.418.402.099.609.370;2025-04-25T15:07:35Z
981;1;-22.713.288.757.950.000;-47.628.636.751.323.900;5.418.402.099.609.370;2025-04-25T15:07:40Z
982;1;-22.713.289.512.321.300;-4.762.863.733.805.710;5.423.209.228.515.620;2025-04-25T15:07:45Z
983;1;-22.713.292.529.806.400;-47.628.630.045.801.400;5.432.821.044.921.870;2025-04-25T15:07:50Z
984;1;-22.713.291.272.521.000;-47.628.627.950.325.600;5.437.628.173.828.120;2025-04-25T15:07:55Z
985;1;-22.713.294.290.006.100;-47.628.623.256.459.800;5.437.628.173.828.120;2025-04-25T15:08:00Z
986;1;-22.713.289.093.226.100;-47.628.614.623.099.500;5.437.628.173.828.120;2025-04-25T15:08:05Z
987;1;-22.713.289.596.140.300;-47.628.614.874.556.600;5.437.628.173.828.120;2025-04-25T15:08:10Z
988;1;-22.713.288.925.588.100;-4.762.861.437.164.240;5.437.628.173.828.120;2025-04-25T15:08:15Z
989;1;-22.713.292.026.892.300;-47.628.613.198.176.000;5.437.628.173.828.120;2025-04-25T15:08:20Z
990;1;-22.713.297.391.310.300;-47.628.623.591.735.900;5.447.242.431.640.620;2025-04-25T15:08:25Z
991;1;-22.713.306.108.489.600;-47.628.637.086.600.000;545.685.546.875;2025-04-25T15:08:30Z
992;1;-2.271.330.795.250.830;-47.628.638.930.618.700;545.685.546.875;2025-04-25T15:08:35Z
993;1;-22.713.308.203.965.400;-47.628.638.846.799.700;545.685.546.875;2025-04-25T15:08:40Z
994;1;-22.713.305.521.756.400;-47.628.639.936.447.100;545.685.546.875;2025-04-25T15:08:45Z
995;1;-22.713.304.180.651.900;-4.762.864.027.172.320;545.685.546.875;2025-04-25T15:08:50Z
996;1;-2.271.330.451.592.800;-47.628.641.193.732.600;545.685.546.875;2025-04-25T15:08:55Z
997;1;-22.713.308.874.517.600;-47.628.639.433.532.900;545.685.546.875;2025-04-25T15:09:00Z
998;1;-22.713.316.166.773.400;-47.628.635.996.952.600;545.685.546.875;2025-04-25T15:09:05Z
999;1;-22.713.319.603.353.700;-4.762.863.046.489.650;545.685.546.875;2025-04-25T15:09:10Z
1000;1;-22.713.324.967.771.700;-47.628.629.207.611.000;545.685.546.875;2025-04-25T15:09:15Z
1001;1;-22.713.331.170.380.100;-47.628.632.895.648.400;545.685.546.875;2025-04-25T15:09:20Z
1002;1;-22.713.338.881.731.000;-47.628.636.583.685.800;545.685.546.875;2025-04-25T15:09:25Z
1003;1;-22.713.347.347.453.200;-47.628.641.277.551.600;545.685.546.875;2025-04-25T15:09:30Z
1004;1;-22.713.351.370.766.700;-47.628.648.821.264.500;545.685.546.875;2025-04-25T15:09:35Z
1005;1;-22.713.349.526.748.000;-47.628.649.156.540.600;545.685.546.875;2025-04-25T15:09:40Z
1006;1;-22.713.349.442.929.000;-47.628.649.156.540.600;545.685.546.875;2025-04-25T15:09:45Z
1006;1;-22.713.349.442.929.000;-47.628.649.156.540.600;545.685.546.875;2025-04-25T15:09:45Z
