ID	trksegID	lat	lon	ele	time	magvar	geoidheight	name	cmt	desc	src	sym	type	fix	sat	hdop	vdop	pdop	ageofdgpsdata	dgpsid	Temperature	Depth	wtemp	hr	cad
1	1	-22.713.417.336.344.700	-47.628.632.811.829.400	54.424.365.234.375	2025-04-25T18:47:53Z																				
2	1	-22.713.396.046.310.600	-47.628.668.686.375.000	546.166.259.765.625	2025-04-25T18:47:58Z																				
3	1	-22.713.392.358.273.200	-47.628.689.305.856.800	5.447.242.431.640.620	2025-04-25T18:48:03Z																				
4	1	-22.713.384.395.465.200	-47.628.667.848.184.700	545.204.833.984.375	2025-04-25T18:48:08Z																				
5	1	-22.713.385.401.293.600	-47.628.657.035.529.600	542.801.513.671.875	2025-04-25T18:48:13Z																				
6	1	-2.271.339.294.500.640	-4.762.865.879.572.920	542.801.513.671.875	2025-04-25T18:48:18Z																				
7	1	-22.713.395.711.034.500	-47.628.657.035.529.600	5.418.402.099.609.370	2025-04-25T18:48:23Z																				
8	1	-22.713.398.057.967.400	-47.628.654.520.958.600	5.418.402.099.609.370	2025-04-25T18:48:28Z																				
9	1	-22.713.396.800.681.900	-47.628.654.101.863.500	5.418.402.099.609.370	2025-04-25T18:48:33Z																				
10	1	-22.713.396.633.043.800	-47.628.654.101.863.500	5.418.402.099.609.370	2025-04-25T18:48:38Z																				
11	1	-22.713.396.633.043.800	-4.762.865.393.422.540	5.418.402.099.609.370	2025-04-25T18:48:44Z																				
12	1	-22.713.397.638.872.200	-47.628.652.509.301.900	5.418.402.099.609.370	2025-04-25T18:48:49Z																				
13	1	-22.713.397.638.872.200	-47.628.652.509.301.900	5.418.402.099.609.370	2025-04-25T18:48:54Z																				
14	1	-22.713.397.722.691.200	-47.628.652.593.120.900	5.418.402.099.609.370	2025-04-25T18:48:59Z																				
15	1	-22.713.397.387.415.100	-47.628.652.174.025.700	5.418.402.099.609.370	2025-04-25T18:49:04Z																				
16	1	-22.713.397.219.777.100	-47.628.652.090.206.700	5.418.402.099.609.370	2025-04-25T18:49:09Z																				
17	1	-22.713.397.052.139.000	-47.628.652.090.206.700	5.418.402.099.609.370	2025-04-25T18:49:14Z																				
18	1	-22.713.396.800.681.900	-47.628.652.006.387.700	5.418.402.099.609.370	2025-04-25T18:49:19Z																				
19	1	-2.271.336.411.125.950	-47.628.634.572.029.100	5.418.402.099.609.370	2025-04-25T18:49:24Z																				
20	1	-22.713.342.905.044.500	-47.628.610.013.052.800	5.413.594.970.703.120	2025-04-25T18:49:29Z																				
21	1	-22.713.336.618.617.100	-47.628.574.976.697.500	5.403.983.154.296.870	2025-04-25T18:49:34Z																				
22	1	-22.713.343.491.777.700	-47.628.549.747.169.000	54.087.890.625	2025-04-25T18:49:39Z																				
23	1	-22.713.363.859.802.400	-47.628.500.713.035.400	5.403.983.154.296.870	2025-04-25T18:49:44Z																				
24	1	-22.713.427.394.628.500	-47.628.473.304.212.000	5.403.983.154.296.870	2025-04-25T18:49:49Z																				
25	1	-22.713.499.227.538.700	-47.628.512.615.337.900	5.413.594.970.703.120	2025-04-25T18:49:54Z																				
26	1	-22.713.514.566.421.500	-47.628.601.044.416.400	5.418.402.099.609.370	2025-04-25T18:49:59Z																				
27	1	-22.713.461.006.060.200	-47.628.663.908.690.200	5.418.402.099.609.370	2025-04-25T18:50:04Z																				
28	1	-2.271.337.534.300.980	-47.628.651.252.016.400	5.418.402.099.609.370	2025-04-25T18:50:09Z																				
29	1	-2.271.333.284.676.070	-47.628.575.479.611.700	5.418.402.099.609.370	2025-04-25T18:50:14Z																				
30	1	-22.713.364.781.811.800	-47.628.484.284.505.200	54.087.890.625	2025-04-25T18:50:19Z																				
31	1	-22.713.447.092.100.900	-47.628.463.162.109.200	54.087.890.625	2025-04-25T18:50:24Z																				
32	1	-22.713.516.494.259.200	-47.628.516.471.013.400	5.413.594.970.703.120	2025-04-25T18:50:29Z																				
33	1	-22.713.516.242.802.100	-47.628.604.900.091.800	5.418.402.099.609.370	2025-04-25T18:50:34Z																				
34	1	-22.713.450.361.043.200	-47.628.663.741.052.100	5.423.209.228.515.620	2025-04-25T18:50:39Z																				
35	1	-22.713.366.709.649.500	-47.628.636.248.409.700	5.423.209.228.515.620	2025-04-25T18:50:44Z																				
36	1	-22.713.340.474.292.600	-47.628.554.189.577.600	5.418.402.099.609.370	2025-04-25T18:50:49Z																				
37	1	-22.713.385.904.207.800	-47.628.482.272.848.400	54.087.890.625	2025-04-25T18:50:54Z																				
38	1	-22.713.474.584.743.300	-47.628.470.286.726.900	5.413.594.970.703.120	2025-04-25T18:50:59Z																				
39	1	-22.713.526.636.362.000	-47.628.535.414.114.500	5.423.209.228.515.620	2025-04-25T18:51:04Z																				
40	1	-22.713.512.051.850.500	-47.628.630.213.439.400	5.423.209.228.515.620	2025-04-25T18:51:09Z																				
41	1	-22.713.435.608.893.600	-47.628.669.859.841.400	5.423.209.228.515.620	2025-04-25T18:51:14Z																				
42	1	-2.271.335.044.875.740	-47.628.629.459.068.100	542.801.513.671.875	2025-04-25T18:51:19Z																				
43	1	-22.713.333.601.132.000	-47.628.542.203.456.100	5.418.402.099.609.370	2025-04-25T18:51:24Z																				
44	1	-22.713.389.005.511.900	-47.628.471.124.917.200	5.413.594.970.703.120	2025-04-25T18:51:29Z																				
45	1	-22.713.471.064.344.000	-47.628.479.842.096.500	5.418.402.099.609.370	2025-04-25T18:51:34Z																				
46	1	-22.713.520.182.296.600	-47.628.554.943.948.900	5.423.209.228.515.620	2025-04-25T18:51:39Z																				
47	1	-22.713.490.426.540.300	-47.628.640.690.818.400	5.423.209.228.515.620	2025-04-25T18:51:44Z																				
48	1	-22.713.407.697.156.000	-47.628.663.657.233.100	5.423.209.228.515.620	2025-04-25T18:51:49Z																				
49	1	-22.713.337.372.988.400	-47.628.618.562.594.000	5.423.209.228.515.620	2025-04-25T18:51:54Z																				
50	1	-22.713.335.445.150.700	-47.628.526.277.840.100	5.418.402.099.609.370	2025-04-25T18:51:59Z																				
51	1	-22.713.402.919.471.200	-4.762.846.190.482.370	5.413.594.970.703.120	2025-04-25T18:52:04Z																				
52	1	-2.271.348.288.282.750	-47.628.484.284.505.200	5.418.402.099.609.370	2025-04-25T18:52:09Z																				
53	1	-22.713.520.517.572.700	-47.628.562.655.299.900	5.423.209.228.515.620	2025-04-25T18:52:14Z																				
54	1	-22.713.477.518.409.400	-47.628.646.641.969.600	5.423.209.228.515.620	2025-04-25T18:52:19Z																				
55	1	-22.713.395.208.120.300	-47.628.658.125.177.000	5.418.402.099.609.370	2025-04-25T18:52:24Z																				
56	1	-22.713.334.020.227.100	-47.628.598.110.750.300	5.418.402.099.609.370	2025-04-25T18:52:29Z																				
57	1	-22.713.351.370.766.700	-47.628.509.597.852.800	5.413.594.970.703.120	2025-04-25T18:52:34Z																				
58	1	-22.713.426.556.438.200	-47.628.458.216.786.300	5.413.594.970.703.120	2025-04-25T18:52:39Z																				
59	1	-22.713.502.999.395.100	-47.628.498.701.378.700	5.418.402.099.609.370	2025-04-25T18:52:44Z																				
60	1	-22.713.524.205.610.100	-47.628.580.760.210.700	5.423.209.228.515.620	2025-04-25T18:52:49Z																				
61	1	-22.713.475.422.933.600	-47.628.651.922.568.600	5.418.402.099.609.370	2025-04-25T18:52:54Z																				
62	1	-22.713.385.736.569.700	-47.628.645.384.684.200	5.423.209.228.515.620	2025-04-25T18:52:59Z																				
63	1	-2.271.333.385.258.910	-47.628.574.892.878.500	5.423.209.228.515.620	2025-04-25T18:53:04Z																				
64	1	-22.713.361.093.774.400	-47.628.494.761.884.200	5.418.402.099.609.370	2025-04-25T18:53:09Z																				
65	1	-22.713.438.794.016.800	-47.628.460.815.176.300	5.418.402.099.609.370	2025-04-25T18:53:14Z																				
66	1	-22.713.510.962.203.100	-47.628.508.675.843.400	5.418.402.099.609.370	2025-04-25T18:53:19Z																				
67	1	-22.713.515.488.430.800	-47.628.597.859.293.200	5.413.594.970.703.120	2025-04-25T18:53:24Z																				
68	1	-22.713.451.953.604.800	-47.628.650.078.549.900	5.413.594.970.703.120	2025-04-25T18:53:29Z																				
69	1	-22.713.368.386.030.100	-47.628.632.225.096.200	5.418.402.099.609.370	2025-04-25T18:53:34Z																				
70	1	-22.713.331.589.475.200	-47.628.554.608.672.800	5.413.594.970.703.120	2025-04-25T18:53:39Z																				
71	1	-22.713.374.504.819.500	-47.628.481.015.563.000	5.413.594.970.703.120	2025-04-25T18:53:44Z																				
72	1	-22.713.459.581.136.700	-47.628.473.974.764.300	5.413.594.970.703.120	2025-04-25T18:53:49Z																				
73	1	-22.713.521.607.220.100	-47.628.534.575.924.200	5.423.209.228.515.620	2025-04-25T18:53:54Z																				
74	1	-22.713.510.794.565.000	-47.628.622.250.631.400	5.423.209.228.515.620	2025-04-25T18:53:59Z																				
75	1	-22.713.437.369.093.200	-47.628.668.015.822.700	5.423.209.228.515.620	2025-04-25T18:54:04Z																				
76	1	-22.713.349.694.386.100	-47.628.631.806.001.000	5.423.209.228.515.620	2025-04-25T18:54:09Z																				
77	1	-2.271.332.991.309.460	-47.628.545.807.674.500	542.801.513.671.875	2025-04-25T18:54:14Z																				
78	1	-22.713.385.820.388.700	-47.628.469.783.812.700	5.418.402.099.609.370	2025-04-25T18:54:19Z																				
79	1	-22.713.470.058.515.600	-47.628.471.711.650.400	5.418.402.099.609.370	2025-04-25T18:54:24Z																				
80	1	-22.713.522.110.134.300	-47.628.542.874.008.400	542.801.513.671.875	2025-04-25T18:54:29Z																				
81	1	-22.713.499.730.452.800	-47.628.635.410.219.400	5.423.209.228.515.620	2025-04-25T18:54:34Z																				
82	1	-22.713.417.923.077.900	-47.628.662.902.861.800	5.418.402.099.609.370	2025-04-25T18:54:39Z																				
83	1	-2.271.334.801.800.540	-47.628.621.580.079.100	5.423.209.228.515.620	2025-04-25T18:54:44Z																				
84	1	-22.713.345.251.977.400	-47.628.538.431.599.700	5.418.402.099.609.370	2025-04-25T18:54:49Z																				
85	1	-22.713.408.451.527.300	-47.628.473.807.126.200	5.423.209.228.515.620	2025-04-25T18:54:54Z																				
86	1	-22.713.485.900.312.600	-47.628.481.015.563.000	5.423.209.228.515.620	2025-04-25T18:54:59Z																				
87	1	-22.713.525.714.352.700	-47.628.563.661.128.200	5.437.628.173.828.120	2025-04-25T18:55:04Z																				
88	1	-2.271.348.875.015.970	-47.628.651.419.654.400	5.432.821.044.921.870	2025-04-25T18:55:09Z																				
89	1	-22.713.399.985.805.100	-47.628.669.105.470.100	5.432.821.044.921.870	2025-04-25T18:55:14Z																				
90	1	-22.713.337.372.988.400	-47.628.609.510.138.600	542.801.513.671.875	2025-04-25T18:55:19Z																				
91	1	-22.713.350.281.119.300	-47.628.512.447.699.900	5.423.209.228.515.620	2025-04-25T18:55:24Z																				
92	1	-22.713.417.168.706.600	-4.762.846.190.482.370	5.423.209.228.515.620	2025-04-25T18:55:29Z																				
93	1	-22.713.495.790.958.400	-47.628.500.629.216.400	5.432.821.044.921.870	2025-04-25T18:55:34Z																				
94	1	-22.713.520.098.477.600	-47.628.579.586.744.300	5.437.628.173.828.120	2025-04-25T18:55:39Z																				
95	1	-22.713.469.052.687.200	-47.628.651.671.111.500	5.432.821.044.921.870	2025-04-25T18:55:44Z																				
96	1	-22.713.384.227.827.100	-47.628.651.754.930.600	5.432.821.044.921.870	2025-04-25T18:55:49Z																				
97	1	-22.713.329.326.361.400	-47.628.585.370.257.400	5.432.821.044.921.870	2025-04-25T18:55:54Z																				
98	1	-22.713.353.130.966.400	-47.628.498.114.645.400	542.801.513.671.875	2025-04-25T18:55:59Z																				
99	1	-22.713.431.250.303.900	-47.628.459.809.347.900	5.423.209.228.515.620	2025-04-25T18:56:04Z																				
100	1	-22.713.509.118.184.400	-47.628.509.011.119.600	542.801.513.671.875	2025-04-25T18:56:09Z																				
101	1	-22.713.519.763.201.400	-47.628.603.810.444.400	5.432.821.044.921.870	2025-04-25T18:56:14Z																				
102	1	-22.713.453.713.804.400	-47.628.664.998.337.600	542.801.513.671.875	2025-04-25T18:56:19Z																				
103	1	-22.713.365.368.545.000	-47.628.656.616.434.400	542.801.513.671.875	2025-04-25T18:56:24Z																				
104	1	-22.713.323.207.572.100	-47.628.574.641.421.400	5.437.628.173.828.120	2025-04-25T18:56:29Z																				
105	1	-22.713.361.931.964.700	-47.628.487.134.352.300	5.432.821.044.921.870	2025-04-25T18:56:34Z																				
106	1	-22.713.442.565.873.200	-47.628.467.520.698.900	5.432.821.044.921.870	2025-04-25T18:56:39Z																				
107	1	-22.713.509.285.822.500	-47.628.526.445.478.200	54.424.365.234.375	2025-04-25T18:56:44Z																				
108	1	-22.713.497.132.062.900	-47.628.619.819.879.500	54.424.365.234.375	2025-04-25T18:56:49Z																				
109	1	-22.713.429.993.018.500	-47.628.668.434.917.900	54.424.365.234.375	2025-04-25T18:56:54Z																				
110	1	-22.713.347.347.453.200	-47.628.637.589.514.200	5.437.628.173.828.120	2025-04-25T18:56:59Z																				
111	1	-22.713.329.493.999.400	-47.628.544.382.750.900	54.424.365.234.375	2025-04-25T18:57:04Z																				
112	1	-22.713.383.389.636.800	-47.628.469.113.260.500	5.432.821.044.921.870	2025-04-25T18:57:09Z																				
113	1	-22.713.467.124.849.500	-4.762.847.263.365.980	5.432.821.044.921.870	2025-04-25T18:57:14Z																				
114	1	-22.713.520.266.115.600	-47.628.545.053.303.200	54.424.365.234.375	2025-04-25T18:57:19Z																				
115	1	-22.713.501.239.195.400	-4.762.863.339.856.260	54.424.365.234.375	2025-04-25T18:57:24Z																				
116	1	-22.713.423.622.772.000	-47.628.672.206.774.300	54.424.365.234.375	2025-04-25T18:57:29Z																				
117	1	-22.713.342.402.130.300	-47.628.627.363.592.300	5.437.628.173.828.120	2025-04-25T18:57:34Z																				
118	1	-22.713.333.265.855.900	-47.628.536.503.762.000	5.432.821.044.921.870	2025-04-25T18:57:39Z																				
119	1	-22.713.395.711.034.500	-47.628.464.670.851.800	5.432.821.044.921.870	2025-04-25T18:57:44Z																				
120	1	-22.713.480.535.894.600	-47.628.478.249.534.900	5.437.628.173.828.120	2025-04-25T18:57:49Z																				
121	1	-22.713.521.104.305.900	-47.628.558.129.072.100	5.447.242.431.640.620	2025-04-25T18:57:54Z																				
122	1	-22.713.488.079.607.400	-47.628.643.624.484.500	5.447.242.431.640.620	2025-04-25T18:57:59Z																				
123	1	-2.271.340.711.042.280	-47.628.664.327.785.300	5.447.242.431.640.620	2025-04-25T18:58:04Z																				
124	1	-22.713.337.875.902.600	-47.628.614.958.375.600	5.447.242.431.640.620	2025-04-25T18:58:09Z																				
125	1	-22.713.341.563.940.000	-47.628.525.272.011.700	54.424.365.234.375	2025-04-25T18:58:14Z																				
126	1	-22.713.402.416.557.000	-47.628.473.807.126.200	5.437.628.173.828.120	2025-04-25T18:58:19Z																				
127	1	-22.713.483.804.836.800	-47.628.503.143.787.300	5.447.242.431.640.620	2025-04-25T18:58:24Z																				
128	1	-22.713.516.242.802.100	-47.628.589.645.028.100	5.447.242.431.640.620	2025-04-25T18:58:29Z																				
129	1	-227.134.701.423.347	-47.628.660.220.652.800	5.447.242.431.640.620	2025-04-25T18:58:34Z																				
130	1	-22.713.389.256.969.000	-47.628.671.955.317.200	545.204.833.984.375	2025-04-25T18:58:39Z																				
131	1	-22.713.329.158.723.300	-47.628.597.607.836.100	5.447.242.431.640.620	2025-04-25T18:58:44Z																				
132	1	-22.713.354.974.985.100	-4.762.850.783.765.310	5.447.242.431.640.620	2025-04-25T18:58:49Z																				
133	1	-22.713.429.993.018.500	-4.762.846.190.482.370	5.447.242.431.640.620	2025-04-25T18:58:54Z																				
134	1	-22.713.503.502.309.300	-47.628.497.192.636.100	5.447.242.431.640.620	2025-04-25T18:58:59Z																				
135	1	-22.713.516.997.173.400	-47.628.581.430.763.000	545.685.546.875	2025-04-25T18:59:04Z																				
136	1	-22.713.459.748.774.700	-47.628.651.838.749.600	545.204.833.984.375	2025-04-25T18:59:09Z																				
137	1	-2.271.336.805.075.400	-47.628.645.971.417.400	5.447.242.431.640.620	2025-04-25T18:59:14Z																				
138	1	-22.713.323.039.934.000	-47.628.572.629.764.600	545.204.833.984.375	2025-04-25T18:59:19Z																				
139	1	-2.271.335.975.266.990	-4.762.848.244.048.650	545.204.833.984.375	2025-04-25T18:59:24Z																				
140	1	-22.713.441.476.225.800	-47.628.458.887.338.600	545.204.833.984.375	2025-04-25T18:59:29Z																				
141	1	-2.271.351.071.074.600	-47.628.511.777.147.600	546.166.259.765.625	2025-04-25T18:59:34Z																				
142	1	-22.713.514.566.421.500	-47.628.607.414.662.800	545.685.546.875	2025-04-25T18:59:39Z																				
143	1	-22.713.448.265.567.400	-47.628.658.879.548.300	545.685.546.875	2025-04-25T18:59:44Z																				
144	1	-22.713.364.781.811.800	-47.628.638.511.523.600	546.166.259.765.625	2025-04-25T18:59:49Z																				
145	1	-2.271.333.527.751.260	-47.628.547.316.417.000	545.685.546.875	2025-04-25T18:59:54Z																				
146	1	-22.713.384.395.465.200	-47.628.468.777.984.300	545.204.833.984.375	2025-04-25T18:59:59Z																				
147	1	-22.713.460.503.146.000	-47.628.464.000.299.500	545.204.833.984.375	2025-04-25T19:00:04Z																				
148	1	-22.713.519.595.563.400	-47.628.532.145.172.300	545.685.546.875	2025-04-25T19:00:09Z																				
149	1	-22.713.509.621.098.600	-47.628.619.652.241.400	545.685.546.875	2025-04-25T19:00:14Z																				
150	1	-22.713.433.932.512.900	-47.628.660.891.205.000	545.204.833.984.375	2025-04-25T19:00:19Z																				
151	1	-22.713.354.639.708.900	-47.628.629.961.982.300	545.204.833.984.375	2025-04-25T19:00:24Z																				
152	1	-22.713.340.977.206.800	-47.628.543.041.646.400	5.447.242.431.640.620	2025-04-25T19:00:29Z																				
153	1	-22.713.394.621.387.100	-47.628.470.119.088.800	54.424.365.234.375	2025-04-25T19:00:34Z																				
154	1	-22.713.475.003.838.500	-47.628.477.746.620.700	54.424.365.234.375	2025-04-25T19:00:39Z																				
155	1	-2.271.352.244.541.040	-4.762.855.427.339.670	545.685.546.875	2025-04-25T19:00:44Z																				
156	1	-22.713.494.868.949.000	-47.628.640.355.542.300	546.166.259.765.625	2025-04-25T19:00:49Z																				
157	1	-22.713.418.761.268.200	-47.628.661.058.843.100	546.166.259.765.625	2025-04-25T19:00:54Z																				
158	1	-22.713.350.867.852.500	-4.762.861.093.506.210	5.466.468.505.859.370	2025-04-25T19:00:59Z																				
159	1	-22.713.345.419.615.500	-47.628.520.075.231.700	546.166.259.765.625	2025-04-25T19:01:04Z																				
160	1	-22.713.410.966.098.300	-47.628.463.329.747.300	545.685.546.875	2025-04-25T19:01:09Z																				
161	1	-22.713.487.660.512.300	-47.628.487.469.628.400	545.685.546.875	2025-04-25T19:01:14Z																				
162	1	-22.713.523.702.695.900	-47.628.569.528.460.500	545.685.546.875	2025-04-25T19:01:19Z																				
163	1	-22.713.485.062.122.300	-47.628.651.587.292.500	545.685.546.875	2025-04-25T19:01:24Z																				
164	1	-2.271.339.395.083.480	-47.628.659.969.195.700	546.166.259.765.625	2025-04-25T19:01:29Z																				
165	1	-22.713.332.930.579.700	-47.628.598.278.388.300	546.166.259.765.625	2025-04-25T19:01:34Z																				
166	1	-22.713.344.497.606.100	-47.628.507.083.281.800	545.204.833.984.375	2025-04-25T19:01:39Z																				
167	1	-22.713.417.420.163.700	-47.628.465.509.042.100	5.447.242.431.640.620	2025-04-25T19:01:44Z																				
168	1	-22.713.491.264.730.600	-47.628.511.441.871.500	545.204.833.984.375	2025-04-25T19:01:49Z																				
169	1	-22.713.514.985.516.600	-47.628.592.662.513.200	546.166.259.765.625	2025-04-25T19:01:54Z																				
170	1	-22.713.463.772.088.200	-47.628.664.076.328.200	546.166.259.765.625	2025-04-25T19:01:59Z																				
171	1	-22.713.371.906.429.500	-4.762.865.443.713.960	546.166.259.765.625	2025-04-25T19:02:04Z																				
172	1	-22.713.324.297.219.500	-47.628.580.592.572.600	545.685.546.875	2025-04-25T19:02:09Z																				
173	1	-22.713.358.076.289.200	-47.628.488.391.637.800	545.685.546.875	2025-04-25T19:02:14Z																				
174	1	-22.713.430.998.846.800	-4.762.846.190.482.370	545.685.546.875	2025-04-25T19:02:19Z																				
175	1	-22.713.504.759.594.700	-47.628.513.285.890.200	546.166.259.765.625	2025-04-25T19:02:24Z																				
176	1	-22.713.512.470.945.700	-47.628.603.558.987.300	54.712.744.140.625	2025-04-25T19:02:29Z																				
177	1	-22.713.450.277.224.100	-47.628.665.920.346.900	54.712.744.140.625	2025-04-25T19:02:34Z																				
178	1	-22.713.354.974.985.100	-47.628.644.881.770.000	54.712.744.140.625	2025-04-25T19:02:39Z																				
179	1	-22.713.324.381.038.500	-4.762.856.156.565.240	54.712.744.140.625	2025-04-25T19:02:44Z																				
180	1	-22.713.368.469.849.200	-47.628.471.376.374.300	5.466.468.505.859.370	2025-04-25T19:02:49Z																				
181	1	-2.271.345.597.691.830	-47.628.460.060.805.000	545.685.546.875	2025-04-25T19:02:54Z																				
182	1	-22.713.518.254.458.900	-47.628.522.841.259.800	5.466.468.505.859.370	2025-04-25T19:02:59Z																				
183	1	-22.713.504.591.956.700	-47.628.608.923.405.400	54.712.744.140.625	2025-04-25T19:03:04Z																				
184	1	-22.713.432.507.589.400	-47.628.655.610.606.000	54.712.744.140.625	2025-04-25T19:03:09Z																				
185	1	-2.271.335.631.608.960	-47.628.622.418.269.500	54.712.744.140.625	2025-04-25T19:03:14Z																				
186	1	-22.713.337.792.083.600	-47.628.533.402.457.800	54.712.744.140.625	2025-04-25T19:03:19Z																				
187	1	-22.713.385.988.026.800	-47.628.457.378.596.000	546.166.259.765.625	2025-04-25T19:03:24Z																				
188	1	-22.713.472.237.810.400	-47.628.466.347.232.400	546.166.259.765.625	2025-04-25T19:03:29Z																				
189	1	-22.713.521.271.944.000	-47.628.541.868.180.000	546.166.259.765.625	2025-04-25T19:03:34Z																				
190	1	-22.713.506.016.880.200	-47.628.629.039.973.000	5.466.468.505.859.370	2025-04-25T19:03:39Z																				
191	1	-22.713.424.880.057.500	-47.628.661.813.214.400	546.166.259.765.625	2025-04-25T19:03:44Z																				
192	1	-22.713.350.616.395.400	-47.628.608.923.405.400	546.166.259.765.625	2025-04-25T19:03:49Z																				
193	1	-22.713.345.922.529.600	-4.762.851.906.940.340	546.166.259.765.625	2025-04-25T19:03:54Z																				
194	1	-22.713.408.619.165.400	-47.628.460.731.357.300	545.685.546.875	2025-04-25T19:03:59Z																				
195	1	-22.713.485.648.855.500	-47.628.482.272.848.400	5.466.468.505.859.370	2025-04-25T19:04:04Z																				
196	1	-22.713.519.427.925.300	-4.762.855.720.706.280	547.608.154.296.875	2025-04-25T19:04:09Z																				
197	1	-22.713.486.570.864.900	-47.628.634.907.305.200	547.608.154.296.875	2025-04-25T19:04:14Z																				
198	1	-2.271.339.981.816.700	-47.628.649.827.092.800	54.712.744.140.625	2025-04-25T19:04:19Z																				
199	1	-22.713.331.757.113.300	-47.628.589.728.847.100	54.712.744.140.625	2025-04-25T19:04:24Z																				
200	1	-22.713.347.179.815.100	-47.628.495.097.160.300	5.466.468.505.859.370	2025-04-25T19:04:29Z																				
201	1	-2.271.342.127.583.920	-4.762.845.017.015.930	546.166.259.765.625	2025-04-25T19:04:34Z																				
202	1	-22.713.494.198.396.800	-4.762.848.244.048.650	54.712.744.140.625	2025-04-25T19:04:39Z																				
203	1	-2.271.352.244.541.040	-47.628.564.583.137.600	54.712.744.140.625	2025-04-25T19:04:44Z																				
204	1	-22.713.471.483.439.200	-47.628.643.289.208.400	5.480.888.671.875	2025-04-25T19:04:49Z																				
205	1	-22.713.375.007.733.700	-47.628.646.725.788.700	547.608.154.296.875	2025-04-25T19:04:54Z																				
206	1	-22.713.323.375.210.100	-47.628.577.072.173.300	547.608.154.296.875	2025-04-25T19:04:59Z																				
207	1	-22.713.345.503.434.500	-47.628.485.709.428.700	54.712.744.140.625	2025-04-25T19:05:04Z																				
208	1	-22.713.429.322.466.200	-47.628.458.635.881.500	54.712.744.140.625	2025-04-25T19:05:09Z																				
209	1	-22.713.505.513.966.000	-47.628.507.670.015.000	54.712.744.140.625	2025-04-25T19:05:14Z																				
210	1	-22.713.509.956.374.700	-47.628.598.529.845.400	5.480.888.671.875	2025-04-25T19:05:19Z																				
211	1	-22.713.455.809.280.200	-47.628.654.856.234.700	5.480.888.671.875	2025-04-25T19:05:24Z																				
212	1	-22.713.363.440.707.300	-47.628.646.725.788.700	5.480.888.671.875	2025-04-25T19:05:29Z																				
213	1	-22.713.323.207.572.100	-47.628.560.727.462.100	547.608.154.296.875	2025-04-25T19:05:34Z																				
214	1	-22.713.360.087.946.000	-47.628.477.495.163.600	54.712.744.140.625	2025-04-25T19:05:39Z																				
215	1	-22.713.445.164.263.200	-47.628.459.976.986.000	547.608.154.296.875	2025-04-25T19:05:44Z																				
216	1	-22.713.513.895.869.200	-47.628.517.812.117.900	5.480.888.671.875	2025-04-25T19:05:49Z																				
217	1	-22.713.511.297.479.200	-47.628.614.539.280.500	547.608.154.296.875	2025-04-25T19:05:54Z																				
218	1	-22.713.444.661.349.000	-47.628.669.021.651.100	547.608.154.296.875	2025-04-25T19:05:59Z																				
219	1	-22.713.348.520.919.600	-47.628.634.907.305.200	54.712.744.140.625	2025-04-25T19:06:04Z																				
220	1	-22.713.320.441.544.000	-47.628.548.070.788.300	5.466.468.505.859.370	2025-04-25T19:06:09Z																				
221	1	-22.713.369.224.220.500	-47.628.477.662.801.700	546.166.259.765.625	2025-04-25T19:06:14Z																				
222	1	-22.713.451.283.052.500	-47.628.469.867.631.700	546.166.259.765.625	2025-04-25T19:06:19Z																				
223	1	-22.713.514.398.783.400	-47.628.543.628.379.700	54.712.744.140.625	2025-04-25T19:06:24Z																				
224	1	-22.713.493.779.301.600	-47.628.632.225.096.200	547.608.154.296.875	2025-04-25T19:06:29Z																				
225	1	-22.713.409.708.812.800	-47.628.659.633.919.500	54.712.744.140.625	2025-04-25T19:06:34Z																				
226	1	-22.713.328.069.075.900	-47.628.613.617.271.100	5.466.468.505.859.370	2025-04-25T19:06:39Z																				
227	1	-22.713.324.129.581.400	-47.628.522.589.802.700	546.166.259.765.625	2025-04-25T19:06:44Z																				
228	1	-22.713.379.450.142.300	-47.628.455.366.939.300	546.166.259.765.625	2025-04-25T19:06:49Z																				
229	1	-22.713.472.573.086.600	-47.628.473.555.669.100	546.166.259.765.625	2025-04-25T19:06:54Z																				
230	1	-22.713.519.595.563.400	-47.628.553.938.120.600	5.466.468.505.859.370	2025-04-25T19:06:59Z																				
231	1	-22.713.486.738.502.900	-47.628.632.644.191.300	54.712.744.140.625	2025-04-25T19:07:04Z																				
232	1	-227.133.993.152.529	-4.762.864.806.689.320	5.466.468.505.859.370	2025-04-25T19:07:09Z																				
233	1	-22.713.333.014.398.800	-47.628.595.679.998.300	546.166.259.765.625	2025-04-25T19:07:14Z																				
234	1	-22.713.339.552.283.200	-47.628.500.042.483.200	545.685.546.875	2025-04-25T19:07:19Z																				
235	1	-22.713.400.237.262.200	-47.628.453.187.644.400	545.685.546.875	2025-04-25T19:07:24Z																				
236	1	-22.713.485.900.312.600	-47.628.483.278.676.800	546.166.259.765.625	2025-04-25T19:07:29Z																				
237	1	-2.271.351.900.883.010	-47.628.574.641.421.400	546.166.259.765.625	2025-04-25T19:07:34Z																				
238	1	-2.271.347.064.524.880	-47.628.646.977.245.800	546.166.259.765.625	2025-04-25T19:07:39Z																				
239	1	-22.713.377.689.942.700	-47.628.651.587.292.500	5.466.468.505.859.370	2025-04-25T19:07:44Z																				
240	1	-22.713.321.531.191.400	-47.628.581.179.305.900	546.166.259.765.625	2025-04-25T19:07:49Z																				
241	1	-22.713.344.749.063.200	-47.628.491.157.665.800	546.166.259.765.625	2025-04-25T19:07:54Z																				
242	1	-22.713.420.270.010.800	-47.628.451.259.806.700	5.466.468.505.859.370	2025-04-25T19:07:59Z																				
243	1	-22.713.500.401.005.100	-47.628.491.325.303.900	547.608.154.296.875	2025-04-25T19:08:04Z																				
244	1	-22.713.515.153.154.700	-47.628.583.610.057.800	54.712.744.140.625	2025-04-25T19:08:09Z																				
245	1	-2.271.345.891.058.440	-47.628.649.324.178.600	54.712.744.140.625	2025-04-25T19:08:14Z																				
246	1	-22.713.367.464.020.800	-47.628.635.242.581.300	546.166.259.765.625	2025-04-25T19:08:19Z																				
247	1	-22.713.326.895.609.400	-47.628.563.074.395.000	546.166.259.765.625	2025-04-25T19:08:24Z																				
248	1	-22.713.360.087.946.000	-47.628.477.830.439.800	545.685.546.875	2025-04-25T19:08:29Z																				
249	1	-22.713.442.984.968.400	-47.628.447.152.674.100	546.166.259.765.625	2025-04-25T19:08:34Z																				
250	1	-22.713.509.453.460.500	-47.628.509.011.119.600	5.466.468.505.859.370	2025-04-25T19:08:39Z																				
251	1	-22.713.510.626.927.000	-47.628.602.385.520.900	5.466.468.505.859.370	2025-04-25T19:08:44Z																				
252	1	-22.713.442.230.597.100	-47.628.650.665.283.200	5.466.468.505.859.370	2025-04-25T19:08:49Z																				
253	1	-22.713.353.633.880.600	-47.628.626.944.497.200	5.466.468.505.859.370	2025-04-25T19:08:54Z																				
254	1	-22.713.324.213.400.400	-47.628.539.269.790.000	546.166.259.765.625	2025-04-25T19:08:59Z																				
255	1	-22.713.370.397.686.900	-47.628.460.898.995.300	545.685.546.875	2025-04-25T19:09:04Z																				
256	1	-22.713.452.624.157.000	-4.762.845.603.749.150	546.166.259.765.625	2025-04-25T19:09:09Z																				
257	1	-22.713.506.938.889.600	-47.628.520.494.326.900	5.466.468.505.859.370	2025-04-25T19:09:14Z																				
258	1	-22.713.492.270.559.000	-47.628.611.521.795.300	54.712.744.140.625	2025-04-25T19:09:19Z																				
259	1	-22.713.415.659.964.000	-4.762.864.756.397.900	5.466.468.505.859.370	2025-04-25T19:09:24Z																				
260	1	-22.713.341.480.121.000	-47.628.609.007.224.400	547.608.154.296.875	2025-04-25T19:09:29Z																				
261	1	-22.713.324.632.495.600	-47.628.525.774.925.900	547.608.154.296.875	2025-04-25T19:09:34Z																				
262	1	-22.713.380.875.065.900	-47.628.455.115.482.200	546.166.259.765.625	2025-04-25T19:09:39Z																				
263	1	-22.713.466.454.297.300	-47.628.464.419.394.700	5.466.468.505.859.370	2025-04-25T19:09:44Z																				
264	1	-22.713.523.786.514.900	-47.628.545.640.036.400	546.166.259.765.625	2025-04-25T19:09:49Z																				
265	1	-22.713.490.007.445.200	-47.628.631.638.363.000	5.466.468.505.859.370	2025-04-25T19:09:54Z																				
266	1	-22.713.407.948.613.100	-4.762.865.686.789.150	5.466.468.505.859.370	2025-04-25T19:09:59Z																				
267	1	-22.713.332.511.484.600	-47.628.610.013.052.800	54.712.744.140.625	2025-04-25T19:10:04Z																				
268	1	-22.713.335.109.874.600	-47.628.515.297.546.900	54.712.744.140.625	2025-04-25T19:10:09Z																				
269	1	-22.713.399.482.890.900	-47.628.454.361.110.900	546.166.259.765.625	2025-04-25T19:10:14Z																				
270	1	-22.713.483.134.284.600	-47.628.476.656.973.300	5.466.468.505.859.370	2025-04-25T19:10:19Z																				
271	1	-22.713.519.260.287.200	-47.628.560.895.100.200	5.466.468.505.859.370	2025-04-25T19:10:24Z																				
272	1	-22.713.479.278.609.100	-47.628.638.846.799.700	5.466.468.505.859.370	2025-04-25T19:10:29Z																				
273	1	-2.271.339.001.134.030	-47.628.645.468.503.200	546.166.259.765.625	2025-04-25T19:10:34Z																				
274	1	-22.713.327.566.161.700	-47.628.582.017.496.200	545.685.546.875	2025-04-25T19:10:39Z																				
275	1	-22.713.345.335.796.400	-47.628.488.643.094.800	545.685.546.875	2025-04-25T19:10:44Z																				
276	1	-22.713.422.365.486.600	-47.628.446.985.036.100	545.204.833.984.375	2025-04-25T19:10:49Z																				
277	1	-22.713.497.634.977.100	-4.762.848.193.757.230	546.166.259.765.625	2025-04-25T19:10:54Z																				
278	1	-22.713.520.349.934.600	-476.285.713.724.792	546.166.259.765.625	2025-04-25T19:10:59Z																				
279	1	-2.271.346.871.741.110	-47.628.634.320.572.000	5.466.468.505.859.370	2025-04-25T19:11:04Z																				
280	1	-22.713.375.594.466.900	-47.628.639.182.075.800	54.712.744.140.625	2025-04-25T19:11:09Z																				
281	1	-22.713.327.817.618.800	-47.628.563.242.033.100	54.712.744.140.625	2025-04-25T19:11:14Z																				
282	1	-2.271.335.338.242.350	-47.628.479.590.639.400	5.466.468.505.859.370	2025-04-25T19:11:19Z																				
283	1	-22.713.436.698.541.000	-47.628.447.823.226.400	5.466.468.505.859.370	2025-04-25T19:11:24Z																				
284	1	-22.713.510.375.469.900	-47.628.506.496.548.600	54.712.744.140.625	2025-04-25T19:11:29Z																				
285	1	-22.713.520.182.296.600	-476.285.938.359.797	547.608.154.296.875	2025-04-25T19:11:34Z																				
286	1	-22.713.453.713.804.400	-47.628.648.737.445.400	54.712.744.140.625	2025-04-25T19:11:39Z																				
287	1	-22.713.364.362.716.600	-47.628.627.195.954.300	54.712.744.140.625	2025-04-25T19:11:44Z																				
288	1	-22.713.323.039.934.000	-47.628.543.376.922.600	5.466.468.505.859.370	2025-04-25T19:11:49Z																				
289	1	-22.713.359.836.488.900	-47.628.459.725.528.900	546.166.259.765.625	2025-04-25T19:11:54Z																				
290	1	-22.713.440.638.035.500	-47.628.448.326.140.600	546.166.259.765.625	2025-04-25T19:11:59Z																				
291	1	-22.713.505.513.966.000	-47.628.513.453.528.200	5.466.468.505.859.370	2025-04-25T19:12:04Z																				
292	1	-22.713.498.556.986.400	-47.628.602.804.616.000	547.608.154.296.875	2025-04-25T19:12:09Z																				
293	1	-22.713.423.874.229.100	-4.762.864.513.322.710	5.466.468.505.859.370	2025-04-25T19:12:14Z																				
294	1	-22.713.341.480.121.000	-47.628.612.611.442.800	54.712.744.140.625	2025-04-25T19:12:19Z																				
295	1	-22.713.322.872.295.900	-47.628.523.511.812.000	5.466.468.505.859.370	2025-04-25T19:12:24Z																				
296	1	-22.713.375.259.190.700	-47.628.454.109.653.800	546.166.259.765.625	2025-04-25T19:12:29Z																				
297	1	-2.271.345.941.349.860	-47.628.457.294.777.000	5.466.468.505.859.370	2025-04-25T19:12:34Z																				
298	1	-22.713.515.236.973.700	-47.628.538.347.780.700	5.466.468.505.859.370	2025-04-25T19:12:39Z																				
299	1	-22.713.496.377.691.600	-47.628.624.849.021.400	5.466.468.505.859.370	2025-04-25T19:12:44Z																				
300	1	-22.713.415.827.602.100	-47.628.652.844.578.000	546.166.259.765.625	2025-04-25T19:12:49Z																				
301	1	-22.713.337.959.721.600	-47.628.601.044.416.400	546.166.259.765.625	2025-04-25T19:12:54Z																				
302	1	-22.713.327.398.523.600	-47.628.506.161.272.500	546.166.259.765.625	2025-04-25T19:12:59Z																				
303	1	-2.271.339.101.716.870	-47.628.448.829.054.800	545.685.546.875	2025-04-25T19:13:04Z																				
304	1	-22.713.474.500.924.300	-47.628.468.777.984.300	546.166.259.765.625	2025-04-25T19:13:09Z																				
305	1	-22.713.518.338.277.900	-47.628.550.585.359.300	5.466.468.505.859.370	2025-04-25T19:13:14Z																				
306	1	-2.271.348.288.282.750	-47.628.628.704.696.800	546.166.259.765.625	2025-04-25T19:13:19Z																				
307	1	-22.713.401.410.728.600	-47.628.648.318.350.300	5.466.468.505.859.370	2025-04-25T19:13:24Z																				
308	1	-22.713.335.445.150.700	-47.628.589.393.571.000	54.712.744.140.625	2025-04-25T19:13:29Z																				
309	1	-2.271.334.215.067.320	-47.628.490.487.113.500	5.466.468.505.859.370	2025-04-25T19:13:34Z																				
310	1	-22.713.412.055.745.700	-47.628.447.487.950.300	5.466.468.505.859.370	2025-04-25T19:13:39Z																				
311	1	-22.713.488.079.607.400	-47.628.479.423.001.400	54.712.744.140.625	2025-04-25T19:13:44Z																				
312	1	-22.713.521.607.220.100	-47.628.574.054.688.200	54.712.744.140.625	2025-04-25T19:13:49Z																				
313	1	-22.713.468.130.677.900	-4.762.864.169.664.680	54.712.744.140.625	2025-04-25T19:13:54Z																				
314	1	-22.713.377.689.942.700	-47.628.638.343.885.500	547.608.154.296.875	2025-04-25T19:13:59Z																				
315	1	-22.713.322.956.115.000	-47.628.568.941.727.200	5.480.888.671.875	2025-04-25T19:14:04Z																				
316	1	-22.713.340.474.292.600	-47.628.474.561.497.500	547.608.154.296.875	2025-04-25T19:14:09Z																				
317	1	-22.713.416.665.792.400	-47.628.443.967.550.900	54.712.744.140.625	2025-04-25T19:14:14Z																				
318	1	-22.713.495.623.320.300	-47.628.494.007.512.900	547.608.154.296.875	2025-04-25T19:14:19Z																				
319	1	-22.713.512.890.040.800	-47.628.597.356.379.000	5.480.888.671.875	2025-04-25T19:14:24Z																				
320	1	-22.713.449.103.757.700	-47.628.654.185.682.500	54.712.744.140.625	2025-04-25T19:14:29Z																				
321	1	-22.713.360.758.498.300	-47.628.633.314.743.600	54.712.744.140.625	2025-04-25T19:14:34Z																				
322	1	-22.713.328.404.352.000	-47.628.555.027.768.000	547.608.154.296.875	2025-04-25T19:14:39Z																				
323	1	-22.713.359.333.574.700	-47.628.471.963.107.500	5.466.468.505.859.370	2025-04-25T19:14:44Z																				
324	1	-22.713.438.123.464.500	-47.628.457.881.510.200	547.608.154.296.875	2025-04-25T19:14:49Z																				
325	1	-22.713.504.424.318.600	-47.628.512.280.061.800	547.608.154.296.875	2025-04-25T19:14:54Z																				
326	1	-2.271.350.777.707.990	-47.628.610.096.871.800	547.608.154.296.875	2025-04-25T19:14:59Z																				
327	1	-22.713.432.256.132.300	-4.762.865.343.131.120	54.712.744.140.625	2025-04-25T19:15:04Z																				
328	1	-22.713.347.766.548.300	-47.628.619.316.965.300	54.712.744.140.625	2025-04-25T19:15:09Z																				
329	1	-227.133.216.150.105	-47.628.536.336.123.900	547.608.154.296.875	2025-04-25T19:15:14Z																				
330	1	-22.713.369.224.220.500	-4.762.845.017.015.930	54.712.744.140.625	2025-04-25T19:15:19Z																				
331	1	-22.713.461.089.879.200	-4.762.845.067.307.350	5.466.468.505.859.370	2025-04-25T19:15:24Z																				
332	1	-22.713.514.231.145.300	-47.628.520.578.145.900	54.712.744.140.625	2025-04-25T19:15:29Z																				
333	1	-22.713.500.401.005.100	-47.628.607.163.205.700	5.480.888.671.875	2025-04-25T19:15:34Z																				
334	1	-22.713.419.180.363.400	-47.628.644.965.589.000	5.480.888.671.875	2025-04-25T19:15:39Z																				
335	1	-22.713.339.636.102.300	-47.628.608.169.034.100	547.608.154.296.875	2025-04-25T19:15:44Z																				
336	1	-22.713.326.644.152.400	-47.628.515.381.366.000	54.712.744.140.625	2025-04-25T19:15:49Z																				
337	1	-22.713.388.670.235.800	-47.628.449.583.426.100	54.712.744.140.625	2025-04-25T19:15:54Z																				
338	1	-22.713.472.573.086.600	-47.628.469.532.355.600	54.712.744.140.625	2025-04-25T19:15:59Z																				
339	1	-22.713.520.098.477.600	-47.628.556.117.415.400	54.712.744.140.625	2025-04-25T19:16:04Z																				
340	1	-22.713.491.767.644.800	-47.628.635.745.495.500	5.466.468.505.859.370	2025-04-25T19:16:09Z																				
341	1	-22.713.399.063.795.800	-47.628.651.754.930.600	546.166.259.765.625	2025-04-25T19:16:14Z																				
342	1	-22.713.329.158.723.300	-47.628.587.214.276.100	546.166.259.765.625	2025-04-25T19:16:19Z																				
343	1	-22.713.334.020.227.100	-47.628.493.923.693.800	545.685.546.875	2025-04-25T19:16:24Z																				
344	1	-22.713.402.668.014.100	-47.628.446.063.026.700	545.685.546.875	2025-04-25T19:16:29Z																				
345	1	-22.713.489.085.435.800	-47.628.473.304.212.000	546.166.259.765.625	2025-04-25T19:16:34Z																				
346	1	-22.713.518.505.915.900	-47.628.560.308.367.000	5.466.468.505.859.370	2025-04-25T19:16:39Z																				
347	1	-22.713.473.578.915	-47.628.624.765.202.400	5.466.468.505.859.370	2025-04-25T19:16:44Z																				
348	1	-22.713.383.641.093.900	-47.628.637.254.238.100	54.712.744.140.625	2025-04-25T19:16:49Z																				
349	1	-22.713.325.722.143.000	-47.628.568.103.536.900	54.712.744.140.625	2025-04-25T19:16:54Z																				
350	1	-22.713.343.827.053.900	-47.628.476.489.335.200	54.712.744.140.625	2025-04-25T19:16:59Z																				
351	1	-2.271.342.471.241.950	-47.628.444.051.370.000	5.466.468.505.859.370	2025-04-25T19:17:04Z																				
352	1	-22.713.502.580.299.900	-4.762.848.830.781.870	54.712.744.140.625	2025-04-25T19:17:09Z																				
353	1	-22.713.520.685.210.800	-47.628.585.118.800.400	5.480.888.671.875	2025-04-25T19:17:14Z																				
354	1	-22.713.458.659.127.300	-47.628.651.168.197.300	547.608.154.296.875	2025-04-25T19:17:19Z																				
355	1	-22.713.372.409.343.700	-47.628.634.069.114.900	547.608.154.296.875	2025-04-25T19:17:24Z																				
356	1	-2.271.332.454.867.660	-47.628.558.883.443.400	5.485.693.359.375	2025-04-25T19:17:29Z																				
357	1	-22.713.356.483.727.600	-47.628.466.850.146.600	5.480.888.671.875	2025-04-25T19:17:34Z																				
358	1	-2.271.343.887.783.580	-47.628.446.063.026.700	547.608.154.296.875	2025-04-25T19:17:39Z																				
359	1	-22.713.513.309.136.000	-4.762.850.540.690.120	5.480.888.671.875	2025-04-25T19:17:44Z																				
360	1	-22.713.519.763.201.400	-47.628.600.373.864.100	547.608.154.296.875	2025-04-25T19:17:49Z																				
361	1	-2.271.345.304.325.220	-47.628.643.037.751.300	54.712.744.140.625	2025-04-25T19:17:54Z																				
362	1	-22.713.366.877.287.600	-476.286.197.360.605	547.608.154.296.875	2025-04-25T19:17:59Z																				
363	1	-22.713.331.924.751.400	-47.628.533.653.914.900	547.608.154.296.875	2025-04-25T19:18:04Z																				
364	1	-22.713.374.169.543.300	-47.628.452.768.549.300	54.712.744.140.625	2025-04-25T19:18:09Z																				
365	1	-2.271.345.597.691.830	-47.628.451.762.720.900	547.608.154.296.875	2025-04-25T19:18:14Z																				
366	1	-22.713.514.482.602.400	-47.628.517.309.203.700	5.480.888.671.875	2025-04-25T19:18:19Z																				
367	1	-22.713.502.999.395.100	-47.628.610.013.052.800	5.485.693.359.375	2025-04-25T19:18:24Z																				
368	1	-22.713.423.622.772.000	-47.628.643.708.303.500	547.608.154.296.875	2025-04-25T19:18:29Z																				
369	1	-22.713.346.425.443.800	-47.628.604.145.720.600	547.608.154.296.875	2025-04-25T19:18:34Z																				
370	1	-22.713.328.823.447.200	-47.628.513.621.166.300	547.608.154.296.875	2025-04-25T19:18:39Z																				
371	1	-22.713.383.724.913.000	-4.762.844.673.357.900	54.712.744.140.625	2025-04-25T19:18:44Z																				
372	1	-22.713.471.315.801.100	-47.628.459.390.252.800	547.608.154.296.875	2025-04-25T19:18:49Z																				
373	1	-22.713.519.260.287.200	-47.628.540.107.980.300	547.608.154.296.875	2025-04-25T19:18:54Z																				
374	1	-22.713.495.204.225.100	-47.628.621.999.174.300	547.608.154.296.875	2025-04-25T19:18:59Z																				
375	1	-22.713.411.971.926.600	-47.628.644.211.217.700	54.712.744.140.625	2025-04-25T19:19:04Z																				
376	1	-22.713.335.026.055.500	-4.762.858.796.864.740	54.712.744.140.625	2025-04-25T19:19:09Z																				
377	1	-22.713.335.026.055.500	-47.628.499.288.111.900	54.712.744.140.625	2025-04-25T19:19:14Z																				
378	1	-22.713.399.901.986.100	-47.628.447.990.864.500	5.466.468.505.859.370	2025-04-25T19:19:19Z																				
379	1	-22.713.490.007.445.200	-4.762.847.850.099.200	54.712.744.140.625	2025-04-25T19:19:24Z																				
380	1	-2.271.352.294.832.460	-47.628.561.062.738.200	54.712.744.140.625	2025-04-25T19:19:29Z																				
381	1	-22.713.480.368.256.500	-47.628.630.800.172.600	5.466.468.505.859.370	2025-04-25T19:19:34Z																				
382	1	-2.271.339.101.716.870	-47.628.635.913.133.600	546.166.259.765.625	2025-04-25T19:19:39Z																				
383	1	-22.713.325.638.324.000	-47.628.572.713.583.700	5.466.468.505.859.370	2025-04-25T19:19:44Z																				
384	1	-22.713.336.953.893.300	-47.628.475.902.602.000	5.466.468.505.859.370	2025-04-25T19:19:49Z																				
385	1	-22.713.413.564.488.200	-47.628.435.082.733.600	5.466.468.505.859.370	2025-04-25T19:19:54Z																				
386	1	-22.713.491.097.092.600	-47.628.472.549.840.800	54.712.744.140.625	2025-04-25T19:19:59Z																				
387	1	-22.713.514.901.697.600	-47.628.559.218.719.600	54.712.744.140.625	2025-04-25T19:20:04Z																				
388	1	-22.713.454.719.632.800	-47.628.629.207.611.000	5.466.468.505.859.370	2025-04-25T19:20:09Z																				
389	1	-22.713.364.781.811.800	-47.628.623.759.374.000	5.466.468.505.859.370	2025-04-25T19:20:14Z																				
390	1	-22.713.310.718.536.300	-47.628.557.793.796.000	54.712.744.140.625	2025-04-25T19:20:19Z																				
391	1	-22.713.341.312.482.900	-47.628.469.532.355.600	547.608.154.296.875	2025-04-25T19:20:24Z																				
392	1	-22.713.428.819.552.000	-47.628.443.967.550.900	54.712.744.140.625	2025-04-25T19:20:29Z																				
393	1	-22.713.502.580.299.900	-4.762.848.973.274.230	547.608.154.296.875	2025-04-25T19:20:34Z																				
394	1	-22.713.512.051.850.500	-47.628.581.430.763.000	5.480.888.671.875	2025-04-25T19:20:39Z																				
395	1	-22.713.449.271.395.800	-47.628.630.297.258.400	547.608.154.296.875	2025-04-25T19:20:44Z																				
396	1	-22.713.354.136.794.800	-47.628.607.330.843.800	547.608.154.296.875	2025-04-25T19:20:49Z																				
397	1	-22.713.328.404.352.000	-47.628.528.624.773.000	547.608.154.296.875	2025-04-25T19:20:54Z																				
398	1	-22.713.366.206.735.300	-47.628.455.115.482.200	54.712.744.140.625	2025-04-25T19:20:59Z																				
399	1	-22.713.451.031.595.400	-47.628.445.979.207.700	547.608.154.296.875	2025-04-25T19:21:04Z																				
400	1	-22.713.512.303.307.600	-47.628.503.479.063.500	5.485.693.359.375	2025-04-25T19:21:09Z																				
401	1	-22.713.501.406.833.500	-47.628.589.225.932.900	5.485.693.359.375	2025-04-25T19:21:14Z																				
402	1	-2.271.342.278.458.170	-47.628.633.063.286.500	5.485.693.359.375	2025-04-25T19:21:19Z																				
403	1	-22.713.339.803.740.300	-4.762.859.433.889.380	5.480.888.671.875	2025-04-25T19:21:24Z																				
404	1	-22.713.317.424.058.900	-47.628.507.921.472.100	5.480.888.671.875	2025-04-25T19:21:29Z																				
405	1	-2.271.337.534.300.980	-47.628.440.530.970.600	5.485.693.359.375	2025-04-25T19:21:34Z																				
406	1	-22.713.463.269.174.000	-47.628.448.158.502.500	5.485.693.359.375	2025-04-25T19:21:39Z																				
407	1	-22.713.517.332.449.500	-47.628.527.618.944.600	5.485.693.359.375	2025-04-25T19:21:44Z																				
408	1	-22.713.492.102.921.000	-47.628.610.096.871.800	5.485.693.359.375	2025-04-25T19:21:49Z																				
409	1	-22.713.410.798.460.200	-47.628.638.008.609.400	5.485.693.359.375	2025-04-25T19:21:54Z																				
410	1	-22.713.332.427.665.500	-47.628.586.543.723.900	5.480.888.671.875	2025-04-25T19:21:59Z																				
411	1	-22.713.325.638.324.000	-47.628.498.114.645.400	547.608.154.296.875	2025-04-25T19:22:04Z																				
412	1	-22.713.390.346.616.500	-47.628.437.848.761.600	547.608.154.296.875	2025-04-25T19:22:09Z																				
413	1	-22.713.476.177.304.900	-47.628.459.976.986.000	549.050.048.828.125	2025-04-25T19:22:14Z																				
414	1	-22.713.522.026.315.300	-47.628.540.862.351.600	5.485.693.359.375	2025-04-25T19:22:19Z																				
415	1	-22.713.484.475.389.100	-47.628.616.718.575.300	5.485.693.359.375	2025-04-25T19:22:24Z																				
416	1	-22.713.396.716.862.900	-47.628.629.710.525.200	5.485.693.359.375	2025-04-25T19:22:29Z																				
417	1	-22.713.331.757.113.300	-47.628.586.208.447.800	549.050.048.828.125	2025-04-25T19:22:34Z																				
418	1	-22.713.336.450.979.100	-4.762.848.780.490.450	5.480.888.671.875	2025-04-25T19:22:39Z																				
419	1	-22.713.410.463.184.100	-476.284.418.720.752	5.480.888.671.875	2025-04-25T19:22:44Z																				
420	1	-22.713.491.851.463.900	-47.628.478.165.715.900	5.485.693.359.375	2025-04-25T19:22:49Z																				
421	1	-22.713.521.020.486.900	-47.628.569.109.365.300	5.485.693.359.375	2025-04-25T19:22:54Z																				
422	1	-22.713.469.639.420.500	-47.628.634.152.933.900	5.480.888.671.875	2025-04-25T19:22:59Z																				
423	1	-2.271.337.928.250.430	-47.628.623.005.002.700	5.480.888.671.875	2025-04-25T19:23:04Z																				
424	1	-2.271.332.454.867.660	-47.628.553.686.663.500	5.485.693.359.375	2025-04-25T19:23:09Z																				
425	1	-22.713.345.922.529.600	-47.628.464.503.213.700	5.485.693.359.375	2025-04-25T19:23:14Z																				
426	1	-22.713.427.394.628.500	-47.628.442.710.265.500	5.485.693.359.375	2025-04-25T19:23:19Z																				
427	1	-22.713.493.192.568.400	-47.628.487.134.352.300	549.050.048.828.125	2025-04-25T19:23:24Z																				
428	1	-2.271.351.171.657.440	-47.628.580.005.839.400	549.050.048.828.125	2025-04-25T19:23:29Z																				
429	1	-22.713.452.372.699.900	-47.628.637.254.238.100	549.050.048.828.125	2025-04-25T19:23:34Z																				
430	1	-2.271.337.048.150.590	-47.628.621.580.079.100	54.953.076.171.875	2025-04-25T19:23:39Z																				
431	1	-22.713.323.710.486.200	-47.628.532.899.543.600	550.011.474.609.375	2025-04-25T19:23:44Z																				
432	1	-22.713.359.920.307.900	-47.628.454.361.110.900	550.011.474.609.375	2025-04-25T19:23:49Z																				
433	1	-22.713.444.409.891.900	-47.628.447.068.855.100	5.504.921.875	2025-04-25T19:23:54Z																				
434	1	-22.713.516.326.621.100	-47.628.508.424.386.300	5.504.921.875	2025-04-25T19:23:59Z																				
435	1	-2.271.351.121.366.020	-47.628.600.876.778.300	5.504.921.875	2025-04-25T19:24:04Z																				
436	1	-22.713.434.686.884.200	-4.762.864.613.905.540	550.011.474.609.375	2025-04-25T19:24:09Z																				
437	1	-227.133.509.516.716	-47.628.604.061.901.500	54.953.076.171.875	2025-04-25T19:24:14Z																				
438	1	-22.713.327.398.523.600	-4.762.850.733.473.890	54.953.076.171.875	2025-04-25T19:24:19Z																				
439	1	-2.271.337.877.959.010	-47.628.433.993.086.200	54.953.076.171.875	2025-04-25T19:24:24Z																				
440	1	-2.271.345.991.641.280	-47.628.440.698.608.700	550.011.474.609.375	2025-04-25T19:24:29Z																				
441	1	-22.713.518.338.277.900	-47.628.514.794.632.700	5.504.921.875	2025-04-25T19:24:34Z																				
442	1	-22.713.503.921.404.400	-4.762.860.020.622.610	550.011.474.609.375	2025-04-25T19:24:39Z																				
443	1	-2.271.343.057.975.170	-47.628.626.776.859.100	549.050.048.828.125	2025-04-25T19:24:44Z																				
444	1	-22.713.348.604.738.700	-47.628.584.029.152.900	54.953.076.171.875	2025-04-25T19:24:49Z																				
445	1	-22.713.334.942.236.500	-47.628.496.689.721.900	550.011.474.609.375	2025-04-25T19:24:54Z																				
446	1	-22.713.395.711.034.500	-47.628.434.831.276.500	54.953.076.171.875	2025-04-25T19:24:59Z																				
447	1	-22.713.477.099.314.300	-47.628.453.187.644.400	550.011.474.609.375	2025-04-25T19:25:04Z																				
448	1	-22.713.522.780.686.600	-47.628.535.414.114.500	54.953.076.171.875	2025-04-25T19:25:09Z																				
449	1	-22.713.484.559.208.100	-47.628.611.940.890.500	550.011.474.609.375	2025-04-25T19:25:14Z																				
450	1	-22.713.402.165.099.900	-47.628.631.638.363.000	54.953.076.171.875	2025-04-25T19:25:19Z																				
451	1	-22.713.331.589.475.200	-47.628.581.933.677.100	5.504.921.875	2025-04-25T19:25:24Z																				
452	1	-22.713.333.014.398.800	-47.628.487.972.542.600	5.504.921.875	2025-04-25T19:25:29Z																				
453	1	-22.713.408.786.803.400	-47.628.444.135.189.000	550.011.474.609.375	2025-04-25T19:25:34Z																				
454	1	-22.713.495.288.044.200	-47.628.476.908.430.400	54.953.076.171.875	2025-04-25T19:25:39Z																				
455	1	-22.713.529.905.304.300	-47.628.573.970.869.100	549.050.048.828.125	2025-04-25T19:25:44Z																				
456	1	-22.713.484.894.484.200	-47.628.635.577.857.400	5.485.693.359.375	2025-04-25T19:25:49Z																				
457	1	-22.713.401.075.452.500	-47.628.644.043.579.600	5.480.888.671.875	2025-04-25T19:25:54Z																				
458	1	-22.713.346.509.262.900	-47.628.575.647.249.800	5.480.888.671.875	2025-04-25T19:25:59Z																				
459	1	-22.713.367.212.563.700	-47.628.483.949.229.100	547.608.154.296.875	2025-04-25T19:26:04Z																				
460	1	-22.713.437.201.455.200	-47.628.447.907.045.400	547.608.154.296.875	2025-04-25T19:26:09Z																				
461	1	-22.713.514.817.878.600	-47.628.493.588.417.700	5.480.888.671.875	2025-04-25T19:26:14Z																				
462	1	-2.271.353.174.932.300	-47.628.585.454.076.500	5.480.888.671.875	2025-04-25T19:26:19Z																				
463	1	-22.713.473.578.915	-47.628.644.462.674.800	547.608.154.296.875	2025-04-25T19:26:24Z																				
464	1	-22.713.383.473.455.900	-47.628.636.499.866.800	547.608.154.296.875	2025-04-25T19:26:29Z																				
465	1	-22.713.336.031.883.900	-4.762.855.670.414.860	54.712.744.140.625	2025-04-25T19:26:34Z																				
466	1	-22.713.374.504.819.500	-47.628.479.255.363.300	5.466.468.505.859.370	2025-04-25T19:26:39Z																				
467	1	-22.713.451.953.604.800	-47.628.450.840.711.500	5.466.468.505.859.370	2025-04-25T19:26:44Z																				
468	1	-22.713.523.786.514.900	-47.628.505.658.358.300	54.712.744.140.625	2025-04-25T19:26:49Z																				
469	1	-22.713.528.061.285.600	-47.628.592.075.780.000	54.712.744.140.625	2025-04-25T19:26:54Z																				
470	1	-22.713.455.390.185.100	-47.628.641.612.827.700	546.166.259.765.625	2025-04-25T19:26:59Z																				
471	1	-22.713.369.643.315.600	-47.628.615.880.385.000	5.466.468.505.859.370	2025-04-25T19:27:04Z																				
472	1	-2.271.334.114.484.480	-47.628.539.856.523.200	546.166.259.765.625	2025-04-25T19:27:09Z																				
473	1	-22.713.388.921.692.900	-47.628.468.107.432.100	545.685.546.875	2025-04-25T19:27:14Z																				
474	1	-22.713.474.249.467.200	-47.628.461.234.271.500	546.166.259.765.625	2025-04-25T19:27:19Z																				
475	1	-22.713.538.454.845.500	-47.628.522.925.078.800	5.466.468.505.859.370	2025-04-25T19:27:24Z																				
476	1	-22.713.521.858.677.200	-4.762.861.143.797.630	5.466.468.505.859.370	2025-04-25T19:27:29Z																				
477	1	-22.713.444.828.987.100	-47.628.651.838.749.600	546.166.259.765.625	2025-04-25T19:27:34Z																				
478	1	-22.713.352.460.414.100	-47.628.612.024.709.500	545.685.546.875	2025-04-25T19:27:39Z																				
479	1	-2.271.334.164.775.900	-47.628.529.211.506.200	545.204.833.984.375	2025-04-25T19:27:44Z																				
480	1	-22.713.402.500.376.100	-47.628.460.815.176.300	545.204.833.984.375	2025-04-25T19:27:49Z																				
481	1	-2.271.348.531.357.940	-47.628.466.598.689.500	545.685.546.875	2025-04-25T19:27:54Z																				
482	1	-22.713.541.639.968.700	-47.628.540.191.799.400	546.166.259.765.625	2025-04-25T19:27:59Z																				
483	1	-22.713.514.398.783.400	-47.628.621.915.355.300	546.166.259.765.625	2025-04-25T19:28:04Z																				
484	1	-22.713.431.166.484.900	-47.628.641.948.103.900	545.685.546.875	2025-04-25T19:28:09Z																				
485	1	-22.713.352.125.138.000	-47.628.587.801.009.400	545.685.546.875	2025-04-25T19:28:14Z																				
486	1	-22.713.357.573.375.100	-47.628.501.048.311.500	5.447.242.431.640.620	2025-04-25T19:28:19Z																				
487	1	-22.713.423.874.229.100	-47.628.449.583.426.100	5.447.242.431.640.620	2025-04-25T19:28:24Z																				
488	1	-22.713.504.089.042.500	-47.628.468.191.251.100	545.204.833.984.375	2025-04-25T19:28:29Z																				
489	1	-2.271.353.954.449.290	-47.628.557.039.424.700	545.685.546.875	2025-04-25T19:28:34Z																				
490	1	-2.271.349.411.457.770	-47.628.633.230.924.600	545.685.546.875	2025-04-25T19:28:39Z																				
491	1	-2.271.340.568.549.930	-47.628.650.665.283.200	545.204.833.984.375	2025-04-25T19:28:44Z																				
492	1	-22.713.348.269.462.500	-47.628.581.430.763.000	5.447.242.431.640.620	2025-04-25T19:28:49Z																				
493	1	-22.713.367.799.296.900	-47.628.490.906.208.700	54.424.365.234.375	2025-04-25T19:28:54Z																				
494	1	-22.713.443.487.882.600	-47.628.449.583.426.100	54.424.365.234.375	2025-04-25T19:28:59Z																				
495	1	-22.713.519.930.839.500	-47.628.482.691.943.600	5.447.242.431.640.620	2025-04-25T19:29:04Z																				
496	1	-22.713.539.376.854.800	-47.628.569.779.917.500	545.204.833.984.375	2025-04-25T19:29:09Z																				
497	1	-22.713.484.894.484.200	-47.628.629.207.611.000	545.204.833.984.375	2025-04-25T19:29:14Z																				
498	1	-22.713.392.525.911.300	-47.628.623.927.012.000	545.204.833.984.375	2025-04-25T19:29:19Z																				
499	1	-22.713.346.090.167.700	-47.628.553.519.025.400	545.685.546.875	2025-04-25T19:29:24Z																				
500	1	-22.713.376.935.571.400	-47.628.478.836.268.100	5.447.242.431.640.620	2025-04-25T19:29:29Z																				
501	1	-22.713.461.425.155.400	-47.628.452.349.454.100	5.447.242.431.640.620	2025-04-25T19:29:34Z																				
502	1	-22.713.531.916.961.000	-47.628.498.952.835.700	545.685.546.875	2025-04-25T19:29:39Z																				
503	1	-22.713.541.304.692.600	-47.628.590.567.037.400	546.166.259.765.625	2025-04-25T19:29:44Z																				
504	1	-22.713.469.471.782.400	-47.628.645.384.684.200	545.685.546.875	2025-04-25T19:29:49Z																				
505	1	-22.713.380.539.789.700	-47.628.632.476.553.300	545.685.546.875	2025-04-25T19:29:54Z																				
506	1	-22.713.345.168.158.400	-47.628.547.651.693.200	545.685.546.875	2025-04-25T19:29:59Z																				
507	1	-22.713.391.855.359.000	-4.762.847.020.290.790	5.447.242.431.640.620	2025-04-25T19:30:04Z																				
508	1	-22.713.476.847.857.200	-47.628.460.396.081.200	545.204.833.984.375	2025-04-25T19:30:09Z																				
509	1	-22.713.538.287.207.400	-47.628.514.794.632.700	545.685.546.875	2025-04-25T19:30:14Z																				
510	1	-22.713.525.714.352.700	-4.762.860.213.406.380	546.166.259.765.625	2025-04-25T19:30:19Z																				
511	1	-22.713.451.450.690.600	-47.628.637.254.238.100	546.166.259.765.625	2025-04-25T19:30:24Z																				
512	1	-22.713.365.620.002.100	-47.628.602.720.797.000	545.685.546.875	2025-04-25T19:30:29Z																				
513	1	-22.713.349.275.290.900	-47.628.515.465.185.000	545.685.546.875	2025-04-25T19:30:34Z																				
514	1	-22.713.399.399.071.900	-47.628.451.762.720.900	545.204.833.984.375	2025-04-25T19:30:39Z																				
515	1	-2.271.347.894.333.300	-47.628.454.696.387.000	545.204.833.984.375	2025-04-25T19:30:44Z																				
516	1	-22.713.536.191.731.600	-47.628.523.260.354.900	546.166.259.765.625	2025-04-25T19:30:49Z																				
517	1	-22.713.506.855.070.500	-4.762.860.749.848.180	545.685.546.875	2025-04-25T19:30:54Z																				
518	1	-22.713.422.616.943.700	-47.628.637.589.514.200	545.685.546.875	2025-04-25T19:30:59Z																				
519	1	-22.713.343.910.872.900	-47.628.593.416.884.500	545.204.833.984.375	2025-04-25T19:31:04Z																				
520	1	-22.713.342.318.311.300	-47.628.507.167.100.900	54.424.365.234.375	2025-04-25T19:31:09Z																				
521	1	-22.713.409.122.079.600	-47.628.452.684.730.200	54.424.365.234.375	2025-04-25T19:31:14Z																				
522	1	-22.713.499.646.633.800	-47.628.463.581.204.400	545.204.833.984.375	2025-04-25T19:31:19Z																				
523	1	-22.713.541.639.968.700	-47.628.545.723.855.400	545.685.546.875	2025-04-25T19:31:24Z																				
524	1	-2.271.350.484.341.380	-47.628.625.435.754.600	545.204.833.984.375	2025-04-25T19:31:29Z																				
525	1	-22.713.413.564.488.200	-47.628.632.308.915.200	545.204.833.984.375	2025-04-25T19:31:34Z																				
526	1	-2.271.334.164.775.900	-47.628.572.629.764.600	5.447.242.431.640.620	2025-04-25T19:31:39Z																				
527	1	-22.713.357.489.556.000	-47.628.488.559.275.800	5.447.242.431.640.620	2025-04-25T19:31:44Z																				
528	1	-2.271.343.057.975.170	-47.628.450.002.521.200	5.447.242.431.640.620	2025-04-25T19:31:49Z																				
529	1	-22.713.513.728.231.100	-47.628.479.171.544.300	545.204.833.984.375	2025-04-25T19:31:54Z																				
530	1	-22.713.536.024.093.600	-47.628.566.678.613.400	545.685.546.875	2025-04-25T19:31:59Z																				
531	1	-22.713.483.218.103.600	-47.628.634.572.029.100	545.204.833.984.375	2025-04-25T19:32:04Z																				
532	1	-22.713.392.609.730.300	-4.762.862.853.705.880	545.204.833.984.375	2025-04-25T19:32:09Z																				
533	1	-22.713.334.774.598.400	-47.628.557.123.243.800	5.447.242.431.640.620	2025-04-25T19:32:14Z																				
534	1	-22.713.359.585.031.800	-47.628.475.818.783.000	5.447.242.431.640.620	2025-04-25T19:32:19Z																				
535	1	-22.713.443.739.339.700	-47.628.446.398.302.900	5.447.242.431.640.620	2025-04-25T19:32:24Z																				
536	1	-22.713.521.355.763.000	-47.628.495.097.160.300	545.204.833.984.375	2025-04-25T19:32:29Z																				
537	1	-22.713.529.653.847.200	-47.628.582.017.496.200	545.204.833.984.375	2025-04-25T19:32:34Z																				
538	1	-22.713.467.963.039.800	-4.762.863.926.589.480	5.447.242.431.640.620	2025-04-25T19:32:39Z																				
539	1	-22.713.377.438.485.600	-47.628.624.932.840.400	5.447.242.431.640.620	2025-04-25T19:32:44Z																				
540	1	-22.713.336.367.160.000	-47.628.543.963.655.800	54.424.365.234.375	2025-04-25T19:32:49Z																				
541	1	-22.713.379.366.323.300	-47.628.463.665.023.400	5.437.628.173.828.120	2025-04-25T19:32:54Z																				
542	1	-22.713.464.610.278.600	-47.628.446.817.398.000	54.424.365.234.375	2025-04-25T19:32:59Z																				
543	1	-22.713.531.916.961.000	-47.628.505.742.177.300	545.204.833.984.375	2025-04-25T19:33:04Z																				
544	1	-22.713.528.899.475.900	-47.628.597.691.655.100	545.204.833.984.375	2025-04-25T19:33:09Z																				
545	1	-22.713.455.054.908.900	-47.628.645.552.322.200	545.204.833.984.375	2025-04-25T19:33:14Z																				
546	1	-22.713.362.937.793.100	-47.628.619.316.965.300	545.204.833.984.375	2025-04-25T19:33:19Z																				
547	1	-22.713.337.540.626.500	-47.628.536.084.666.800	545.204.833.984.375	2025-04-25T19:33:24Z																				
548	1	-22.713.391.687.721.000	-47.628.461.066.633.400	5.447.242.431.640.620	2025-04-25T19:33:29Z																				
549	1	-22.713.478.691.875.900	-47.628.460.060.805.000	5.447.242.431.640.620	2025-04-25T19:33:34Z																				
550	1	-22.713.531.665.503.900	-47.628.532.564.267.500	545.204.833.984.375	2025-04-25T19:33:39Z																				
551	1	-22.713.516.997.173.400	-47.628.620.071.336.600	545.204.833.984.375	2025-04-25T19:33:44Z																				
552	1	-22.713.438.207.283.600	-47.628.648.905.083.500	545.204.833.984.375	2025-04-25T19:33:49Z																				
553	1	-2.271.335.681.900.380	-47.628.614.120.185.300	545.685.546.875	2025-04-25T19:33:54Z																				
554	1	-22.713.347.766.548.300	-47.628.528.708.592.000	545.204.833.984.375	2025-04-25T19:33:59Z																				
555	1	-22.713.415.743.783.100	-47.628.465.006.127.900	545.204.833.984.375	2025-04-25T19:34:04Z																				
556	1	-22.713.503.586.128.300	-47.628.473.723.307.200	546.166.259.765.625	2025-04-25T19:34:09Z																				
557	1	-22.713.548.261.672.200	-47.628.552.261.739.900	5.466.468.505.859.370	2025-04-25T19:34:14Z																				
558	1	-22.713.512.638.583.700	-47.628.635.577.857.400	546.166.259.765.625	2025-04-25T19:34:19Z																				
559	1	-22.713.429.154.828.100	-47.628.652.257.844.800	546.166.259.765.625	2025-04-25T19:34:24Z																				
560	1	-22.713.352.292.776.100	-47.628.594.757.989.000	545.685.546.875	2025-04-25T19:34:29Z																				
561	1	-22.713.360.004.127.000	-47.628.504.484.891.800	545.204.833.984.375	2025-04-25T19:34:34Z																				
562	1	-22.713.430.915.027.800	-47.628.452.768.549.300	545.204.833.984.375	2025-04-25T19:34:39Z																				
563	1	-22.713.514.734.059.500	-47.628.476.992.249.400	545.685.546.875	2025-04-25T19:34:44Z																				
564	1	-22.713.547.172.024.800	-47.628.565.672.785.000	546.166.259.765.625	2025-04-25T19:34:49Z																				
565	1	-22.713.501.574.471.500	-47.628.635.996.952.600	545.204.833.984.375	2025-04-25T19:34:54Z																				
566	1	-22.713.416.665.792.400	-47.628.638.343.885.500	545.204.833.984.375	2025-04-25T19:34:59Z																				
567	1	-22.713.358.327.746.300	-47.628.571.204.841.100	54.424.365.234.375	2025-04-25T19:35:04Z																				
568	1	-22.713.377.941.399.800	-47.628.487.469.628.400	5.437.628.173.828.120	2025-04-25T19:35:09Z																				
569	1	-22.713.450.947.776.400	-47.628.450.589.254.400	54.424.365.234.375	2025-04-25T19:35:14Z																				
570	1	-2.271.352.487.616.240	-47.628.487.888.723.600	545.204.833.984.375	2025-04-25T19:35:19Z																				
571	1	-22.713.546.082.377.400	-47.628.579.922.020.400	545.204.833.984.375	2025-04-25T19:35:24Z																				
572	1	-22.713.486.906.141.000	-47.628.649.743.273.800	5.447.242.431.640.620	2025-04-25T19:35:29Z																				
573	1	-22.713.392.274.454.200	-47.628.635.326.400.300	545.204.833.984.375	2025-04-25T19:35:34Z																				
574	1	-22.713.346.341.624.800	-47.628.560.392.186.000	545.204.833.984.375	2025-04-25T19:35:39Z																				
575	1	-2.271.337.827.667.590	-4.762.848.193.757.230	5.447.242.431.640.620	2025-04-25T19:35:44Z																				
576	1	-22.713.462.514.802.800	-47.628.456.875.681.800	5.447.242.431.640.620	2025-04-25T19:35:49Z																				
577	1	-22.713.535.604.998.400	-47.628.510.519.862.100	545.685.546.875	2025-04-25T19:35:54Z																				
578	1	-22.713.543.148.711.300	-47.628.602.553.158.900	545.685.546.875	2025-04-25T19:35:59Z																				
579	1	-22.713.474.165.648.200	-4.762.865.636.497.730	545.685.546.875	2025-04-25T19:36:04Z																				
580	1	-22.713.383.305.817.800	-47.628.632.895.648.400	546.166.259.765.625	2025-04-25T19:36:09Z																				
581	1	-22.713.353.298.604.400	-47.628.542.371.094.200	546.166.259.765.625	2025-04-25T19:36:14Z																				
582	1	-227.133.993.152.529	-47.628.474.310.040.400	545.685.546.875	2025-04-25T19:36:19Z																				
583	1	-22.713.485.397.398.400	-47.628.463.916.480.500	546.166.259.765.625	2025-04-25T19:36:24Z																				
584	1	-22.713.542.897.254.200	-47.628.528.960.049.100	5.466.468.505.859.370	2025-04-25T19:36:29Z																				
585	1	-2.271.353.367.716.070	-47.628.614.204.004.400	5.466.468.505.859.370	2025-04-25T19:36:34Z																				
586	1	-22.713.454.468.175.700	-47.628.652.928.397.000	5.466.468.505.859.370	2025-04-25T19:36:39Z																				
587	1	-22.713.366.206.735.300	-47.628.615.712.746.900	5.466.468.505.859.370	2025-04-25T19:36:44Z																				
588	1	-22.713.352.125.138.000	-47.628.534.911.200.400	546.166.259.765.625	2025-04-25T19:36:49Z																				
589	1	-22.713.409.373.536.700	-4.762.846.676.632.760	545.685.546.875	2025-04-25T19:36:54Z																				
590	1	-22.713.497.551.158.000	-47.628.473.220.393.000	545.685.546.875	2025-04-25T19:36:59Z																				
591	1	-22.713.539.795.950.000	-47.628.541.113.808.700	546.166.259.765.625	2025-04-25T19:37:04Z																				
592	1	-22.713.515.069.335.600	-47.628.627.698.868.500	5.466.468.505.859.370	2025-04-25T19:37:09Z																				
593	1	-22.713.432.172.313.300	-47.628.645.217.046.100	5.466.468.505.859.370	2025-04-25T19:37:14Z																				
594	1	-22.713.353.801.518.600	-4.762.859.626.673.160	5.466.468.505.859.370	2025-04-25T19:37:19Z																				
595	1	-22.713.352.795.690.200	-47.628.510.519.862.100	546.166.259.765.625	2025-04-25T19:37:24Z																				
596	1	-22.713.419.012.725.300	-47.628.453.942.015.700	546.166.259.765.625	2025-04-25T19:37:29Z																				
597	1	-22.713.500.903.919.300	-47.628.468.610.346.300	5.466.468.505.859.370	2025-04-25T19:37:34Z																				
598	1	-22.713.540.298.864.200	-47.628.554.357.215.700	54.712.744.140.625	2025-04-25T19:37:39Z																				
599	1	-22.713.504.759.594.700	-47.628.633.482.381.700	54.712.744.140.625	2025-04-25T19:37:44Z																				
600	1	-22.713.418.258.354.000	-47.628.639.684.990.000	546.166.259.765.625	2025-04-25T19:37:49Z																				
601	1	-22.713.343.575.596.800	-47.628.580.760.210.700	546.166.259.765.625	2025-04-25T19:37:54Z																				
602	1	-22.713.366.290.554.400	-47.628.499.120.473.800	546.166.259.765.625	2025-04-25T19:37:59Z																				
603	1	-22.713.441.140.949.700	-47.628.455.953.672.500	545.685.546.875	2025-04-25T19:38:04Z																				
604	1	-22.713.514.985.516.600	-47.628.492.163.494.200	5.466.468.505.859.370	2025-04-25T19:38:09Z																				
605	1	-22.713.536.359.369.700	-47.628.585.118.800.400	5.466.468.505.859.370	2025-04-25T19:38:14Z																				
606	1	-22.713.487.157.598.100	-47.628.652.090.206.700	5.466.468.505.859.370	2025-04-25T19:38:19Z																				
607	1	-22.713.396.968.320.000	-47.628.648.485.988.300	5.466.468.505.859.370	2025-04-25T19:38:24Z																				
608	1	-22.713.339.049.369.000	-47.628.582.017.496.200	5.466.468.505.859.370	2025-04-25T19:38:29Z																				
609	1	-2.271.337.291.225.790	-47.628.494.342.789.000	546.166.259.765.625	2025-04-25T19:38:34Z																				
610	1	-22.713.455.893.099.300	-47.628.467.688.336.900	5.466.468.505.859.370	2025-04-25T19:38:39Z																				
611	1	-2.271.352.831.274.270	-47.628.512.782.976.000	54.712.744.140.625	2025-04-25T19:38:44Z																				
612	1	-22.713.536.024.093.600	-47.628.606.911.748.600	54.712.744.140.625	2025-04-25T19:38:49Z																				
613	1	-22.713.476.764.038.200	-47.628.658.628.091.200	54.712.744.140.625	2025-04-25T19:38:54Z																				
614	1	-22.713.386.993.855.200	-47.628.637.421.876.100	54.712.744.140.625	2025-04-25T19:38:59Z																				
615	1	-22.713.346.509.262.900	-47.628.564.750.775.600	546.166.259.765.625	2025-04-25T19:39:04Z																				
616	1	-22.713.385.988.026.800	-4.762.848.143.465.810	545.204.833.984.375	2025-04-25T19:39:09Z																				
617	1	-22.713.470.896.705.900	-4.762.846.190.482.370	545.685.546.875	2025-04-25T19:39:14Z																				
618	1	-22.713.531.581.684.900	-47.628.517.644.479.800	546.166.259.765.625	2025-04-25T19:39:19Z																				
619	1	-22.713.526.301.085.900	-47.628.609.761.595.700	5.466.468.505.859.370	2025-04-25T19:39:24Z																				
620	1	-22.713.460.670.784.100	-47.628.654.018.044.400	5.466.468.505.859.370	2025-04-25T19:39:29Z																				
621	1	-22.713.371.906.429.500	-47.628.618.897.870.100	5.466.468.505.859.370	2025-04-25T19:39:34Z																				
622	1	-22.713.340.222.835.500	-47.628.534.156.829.100	5.466.468.505.859.370	2025-04-25T19:39:39Z																				
623	1	-22.713.397.974.148.300	-47.628.465.257.585.000	546.166.259.765.625	2025-04-25T19:39:44Z																				
624	1	-22.713.481.206.446.800	-47.628.466.431.051.400	5.466.468.505.859.370	2025-04-25T19:39:49Z																				
625	1	-22.713.532.168.418.100	-47.628.536.084.666.800	5.466.468.505.859.370	2025-04-25T19:39:54Z																				
626	1	-2.271.351.171.657.440	-47.628.625.938.668.800	54.712.744.140.625	2025-04-25T19:39:59Z																				
627	1	-22.713.434.603.065.200	-47.628.658.125.177.000	5.466.468.505.859.370	2025-04-25T19:40:04Z																				
628	1	-22.713.355.896.994.400	-4.762.861.680.239.430	54.712.744.140.625	2025-04-25T19:40:09Z																				
629	1	-22.713.346.257.805.800	-4.762.852.979.823.940	5.466.468.505.859.370	2025-04-25T19:40:14Z																				
630	1	-22.713.407.697.156.000	-47.628.471.544.012.400	546.166.259.765.625	2025-04-25T19:40:19Z																				
631	1	-22.713.490.007.445.200	-47.628.484.955.057.500	5.466.468.505.859.370	2025-04-25T19:40:24Z																				
632	1	-22.713.530.156.761.400	-47.628.563.577.309.200	54.712.744.140.625	2025-04-25T19:40:29Z																				
633	1	-22.713.494.030.758.700	-47.628.644.043.579.600	547.608.154.296.875	2025-04-25T19:40:34Z																				
634	1	-22.713.413.899.764.400	-47.628.655.107.691.800	5.466.468.505.859.370	2025-04-25T19:40:39Z																				
635	1	-22.713.345.168.158.400	-47.628.598.362.207.400	5.466.468.505.859.370	2025-04-25T19:40:44Z																				
636	1	-22.713.349.359.109.900	-47.628.507.753.834.100	546.166.259.765.625	2025-04-25T19:40:49Z																				
637	1	-22.713.426.221.162.000	-47.628.451.343.625.700	545.685.546.875	2025-04-25T19:40:54Z																				
638	1	-22.713.502.664.119.000	-47.628.477.243.706.500	5.466.468.505.859.370	2025-04-25T19:40:59Z																				
639	1	-2.271.353.418.007.490	-476.285.713.724.792	5.466.468.505.859.370	2025-04-25T19:41:04Z																				
640	1	-22.713.490.258.902.300	-47.628.649.994.730.900	5.466.468.505.859.370	2025-04-25T19:41:09Z																				
641	1	-22.713.401.075.452.500	-4.762.865.150.347.350	5.466.468.505.859.370	2025-04-25T19:41:14Z																				
642	1	-22.713.342.821.225.500	-4.762.859.433.889.380	546.166.259.765.625	2025-04-25T19:41:19Z																				
643	1	-22.713.365.955.278.200	-47.628.500.713.035.400	545.685.546.875	2025-04-25T19:41:24Z																				
644	1	-22.713.445.164.263.200	-4.762.846.240.773.790	545.204.833.984.375	2025-04-25T19:41:29Z																				
645	1	-22.713.512.722.402.800	-47.628.502.221.778.000	546.166.259.765.625	2025-04-25T19:41:34Z																				
646	1	-22.713.530.072.942.300	-47.628.603.056.073.100	546.166.259.765.625	2025-04-25T19:41:39Z																				
647	1	-22.713.476.680.219.100	-47.628.662.567.585.700	5.466.468.505.859.370	2025-04-25T19:41:44Z																				
648	1	-22.713.383.138.179.700	-47.628.649.324.178.600	5.466.468.505.859.370	2025-04-25T19:41:49Z																				
649	1	-22.713.340.222.835.500	-4.762.856.743.298.470	5.466.468.505.859.370	2025-04-25T19:41:54Z																				
650	1	-22.713.377.941.399.800	-47.628.489.062.190.000	5.466.468.505.859.370	2025-04-25T19:41:59Z																				
651	1	-22.713.462.514.802.800	-47.628.460.060.805.000	545.685.546.875	2025-04-25T19:42:04Z																				
652	1	-22.713.527.474.552.300	-47.628.516.722.470.500	546.166.259.765.625	2025-04-25T19:42:09Z																				
653	1	-22.713.526.887.819.100	-47.628.607.163.205.700	546.166.259.765.625	2025-04-25T19:42:14Z																				
654	1	-22.713.457.653.298.900	-47.628.658.125.177.000	546.166.259.765.625	2025-04-25T19:42:19Z																				
655	1	-22.713.372.744.619.800	-47.628.624.429.926.200	545.685.546.875	2025-04-25T19:42:24Z																				
656	1	-22.713.341.815.397.100	-47.628.548.154.607.400	545.204.833.984.375	2025-04-25T19:42:29Z																				
657	1	-22.713.389.927.521.300	-47.628.468.191.251.100	5.447.242.431.640.620	2025-04-25T19:42:34Z																				
658	1	-22.713.479.110.971.000	-47.628.462.072.461.800	545.204.833.984.375	2025-04-25T19:42:39Z																				
659	1	-22.713.531.665.503.900	-47.628.526.696.935.200	546.166.259.765.625	2025-04-25T19:42:44Z																				
660	1	-22.713.513.392.955.000	-47.628.611.102.700.200	546.166.259.765.625	2025-04-25T19:42:49Z																				
661	1	-22.713.444.074.615.800	-47.628.645.217.046.100	545.685.546.875	2025-04-25T19:42:54Z																				
662	1	-22.713.360.590.860.200	-47.628.612.527.623.700	546.166.259.765.625	2025-04-25T19:42:59Z																				
663	1	-22.713.343.743.234.800	-47.628.526.445.478.200	5.447.242.431.640.620	2025-04-25T19:43:04Z																				
664	1	-22.713.400.069.624.100	-47.628.461.569.547.600	5.447.242.431.640.620	2025-04-25T19:43:09Z																				
665	1	-22.713.483.721.017.800	-47.628.462.240.099.900	546.166.259.765.625	2025-04-25T19:43:14Z																				
666	1	-22.713.535.018.265.200	-47.628.543.963.655.800	546.166.259.765.625	2025-04-25T19:43:19Z																				
667	1	-2.271.350.827.999.410	-47.628.626.525.402.000	545.685.546.875	2025-04-25T19:43:24Z																				
668	1	-22.713.426.891.714.300	-47.628.646.306.693.500	545.685.546.875	2025-04-25T19:43:29Z																				
669	1	-22.713.354.304.432.800	-47.628.597.356.379.000	545.685.546.875	2025-04-25T19:43:34Z																				
670	1	-22.713.356.483.727.600	-47.628.510.436.043.100	5.447.242.431.640.620	2025-04-25T19:43:39Z																				
671	1	-2.271.342.764.608.560	-47.628.458.049.148.300	545.685.546.875	2025-04-25T19:43:44Z																				
672	1	-22.713.508.531.451.200	-47.628.471.460.193.300	546.166.259.765.625	2025-04-25T19:43:49Z																				
673	1	-22.713.540.215.045.200	-47.628.562.822.937.900	546.166.259.765.625	2025-04-25T19:43:54Z																				
674	1	-22.713.495.036.587.100	-47.628.637.002.781.000	546.166.259.765.625	2025-04-25T19:43:59Z																				
675	1	-22.713.406.356.051.500	-47.628.648.653.626.400	546.166.259.765.625	2025-04-25T19:44:04Z																				
676	1	-22.713.342.988.863.500	-47.628.582.855.686.500	545.685.546.875	2025-04-25T19:44:09Z																				
677	1	-22.713.356.567.546.700	-47.628.497.360.274.100	546.166.259.765.625	2025-04-25T19:44:14Z																				
678	1	-22.713.432.926.684.600	-47.628.455.953.672.500	545.685.546.875	2025-04-25T19:44:19Z																				
679	1	-22.713.509.202.003.400	-47.628.488.894.551.900	546.166.259.765.625	2025-04-25T19:44:24Z																				
680	1	-22.713.527.977.466.500	-47.628.580.341.115.500	5.466.468.505.859.370	2025-04-25T19:44:29Z																				
681	1	-22.713.471.567.258.200	-47.628.652.593.120.900	545.685.546.875	2025-04-25T19:44:34Z																				
682	1	-2.271.338.171.325.620	-47.628.640.523.180.300	545.204.833.984.375	2025-04-25T19:44:39Z																				
683	1	-22.713.333.768.770.000	-47.628.560.392.186.000	54.424.365.234.375	2025-04-25T19:44:44Z																				
684	1	-22.713.367.128.744.700	-47.628.476.656.973.300	5.447.242.431.640.620	2025-04-25T19:44:49Z																				
685	1	-22.713.455.390.185.100	-47.628.448.661.416.700	545.204.833.984.375	2025-04-25T19:44:54Z																				
686	1	-22.713.524.792.343.300	-47.628.505.239.263.100	5.447.242.431.640.620	2025-04-25T19:44:59Z																				
687	1	-22.713.522.529.229.500	-47.628.598.026.931.200	545.204.833.984.375	2025-04-25T19:45:04Z																				
688	1	-22.713.457.737.118.000	-47.628.655.023.872.800	545.685.546.875	2025-04-25T19:45:09Z																				
689	1	-22.713.375.762.104.900	-47.628.634.739.667.100	545.685.546.875	2025-04-25T19:45:14Z																				
690	1	-22.713.337.121.531.300	-47.628.546.562.045.800	545.204.833.984.375	2025-04-25T19:45:19Z																				
691	1	-22.713.379.533.961.400	-47.628.473.974.764.300	5.447.242.431.640.620	2025-04-25T19:45:24Z																				
692	1	-2.271.346.771.158.270	-47.628.463.748.842.400	545.204.833.984.375	2025-04-25T19:45:29Z																				
693	1	-22.713.527.055.457.200	-47.628.528.960.049.100	545.204.833.984.375	2025-04-25T19:45:34Z																				
694	1	-22.713.507.022.708.600	-47.628.622.502.088.500	545.204.833.984.375	2025-04-25T19:45:39Z																				
695	1	-22.713.437.704.369.400	-47.628.665.249.794.700	5.447.242.431.640.620	2025-04-25T19:45:44Z																				
696	1	-22.713.354.723.528.000	-47.628.617.808.222.700	5.447.242.431.640.620	2025-04-25T19:45:49Z																				
697	1	-22.713.334.774.598.400	-47.628.532.480.448.400	54.424.365.234.375	2025-04-25T19:45:54Z																				
698	1	-22.713.400.572.538.300	-4.762.846.534.140.400	54.424.365.234.375	2025-04-25T19:45:59Z																				
699	1	-22.713.488.498.702.600	-47.628.469.364.717.600	5.447.242.431.640.620	2025-04-25T19:46:04Z																				
700	1	-22.713.540.466.502.300	-47.628.540.191.799.400	545.204.833.984.375	2025-04-25T19:46:09Z																				
701	1	-22.713.514.482.602.400	-47.628.634.823.486.200	5.447.242.431.640.620	2025-04-25T19:46:14Z																				
702	1	-22.713.429.490.104.300	-47.628.661.310.300.200	54.424.365.234.375	2025-04-25T19:46:19Z																				
703	1	-22.713.350.784.033.500	-47.628.610.264.509.900	5.437.628.173.828.120	2025-04-25T19:46:24Z																				
704	1	-22.713.348.101.824.500	-47.628.516.890.108.500	5.437.628.173.828.120	2025-04-25T19:46:29Z																				
705	1	-22.713.417.755.439.800	-47.628.458.132.967.300	5.437.628.173.828.120	2025-04-25T19:46:34Z																				
706	1	-22.713.499.730.452.800	-47.628.471.292.555.300	5.437.628.173.828.120	2025-04-25T19:46:39Z																				
707	1	-22.713.541.639.968.700	-47.628.566.510.975.300	54.424.365.234.375	2025-04-25T19:46:44Z																				
708	1	-22.713.498.054.072.200	-47.628.644.546.493.800	5.437.628.173.828.120	2025-04-25T19:46:49Z																				
709	1	-22.713.413.061.574.100	-47.628.659.382.462.500	5.432.821.044.921.870	2025-04-25T19:46:54Z																				
710	1	-22.713.345.503.434.500	-47.628.594.422.712.900	5.432.821.044.921.870	2025-04-25T19:46:59Z																				
711	1	-22.713.362.099.602.800	-47.628.497.192.636.100	542.801.513.671.875	2025-04-25T19:47:04Z																				
712	1	-22.713.436.195.626.800	-47.628.448.158.502.500	5.432.821.044.921.870	2025-04-25T19:47:09Z																				
713	1	-22.713.519.260.287.200	-47.628.483.697.772.000	5.437.628.173.828.120	2025-04-25T19:47:14Z																				
714	1	-22.713.537.449.017.100	-47.628.575.982.525.900	54.424.365.234.375	2025-04-25T19:47:19Z																				
715	1	-22.713.484.475.389.100	-47.628.647.228.702.900	5.432.821.044.921.870	2025-04-25T19:47:24Z																				
716	1	-22.713.400.740.176.400	-47.628.645.217.046.100	5.432.821.044.921.870	2025-04-25T19:47:29Z																				
717	1	-22.713.343.994.691.900	-47.628.574.641.421.400	5.432.821.044.921.870	2025-04-25T19:47:34Z																				
718	1	-22.713.371.738.791.400	-47.628.489.900.380.300	5.432.821.044.921.870	2025-04-25T19:47:39Z																				
719	1	-22.713.455.222.547.000	-47.628.456.456.586.700	5.437.628.173.828.120	2025-04-25T19:47:44Z																				
720	1	-22.713.519.847.020.500	-47.628.505.323.082.200	5.437.628.173.828.120	2025-04-25T19:47:49Z																				
721	1	-2.271.352.730.691.430	-47.628.594.255.074.800	5.437.628.173.828.120	2025-04-25T19:47:54Z																				
722	1	-22.713.460.754.603.100	-47.628.652.760.758.900	5.432.821.044.921.870	2025-04-25T19:47:59Z																				
723	1	-22.713.367.799.296.900	-47.628.635.577.857.400	542.801.513.671.875	2025-04-25T19:48:04Z																				
724	1	-2.271.332.697.942.850	-47.628.557.709.977.000	542.801.513.671.875	2025-04-25T19:48:09Z																				
725	1	-22.713.374.840.095.600	-47.628.479.087.725.200	5.437.628.173.828.120	2025-04-25T19:48:14Z																				
726	1	-22.713.465.364.649.800	-47.628.454.277.291.800	54.424.365.234.375	2025-04-25T19:48:19Z																				
727	1	-22.713.530.408.218.500	-4.762.851.563.282.310	5.447.242.431.640.620	2025-04-25T19:48:24Z																				
728	1	-22.713.522.361.591.400	-47.628.608.923.405.400	5.447.242.431.640.620	2025-04-25T19:48:29Z																				
729	1	-22.713.449.858.129.000	-47.628.660.053.014.700	54.424.365.234.375	2025-04-25T19:48:34Z																				
730	1	-22.713.369.056.582.400	-47.628.621.496.260.100	54.424.365.234.375	2025-04-25T19:48:39Z																				
731	1	-22.713.346.928.358.000	-47.628.532.899.543.600	5.437.628.173.828.120	2025-04-25T19:48:44Z																				
732	1	-2.271.340.518.258.510	-47.628.463.078.290.200	54.424.365.234.375	2025-04-25T19:48:49Z																				
733	1	-22.713.494.030.758.700	-47.628.462.575.376.000	54.424.365.234.375	2025-04-25T19:48:54Z																				
734	1	-22.713.542.310.521.000	-47.628.539.521.247.100	54.424.365.234.375	2025-04-25T19:48:59Z																				
735	1	-22.713.514.817.878.600	-47.628.622.418.269.500	5.447.242.431.640.620	2025-04-25T19:49:04Z																				
736	1	-22.713.429.071.009.100	-47.628.657.622.262.800	54.424.365.234.375	2025-04-25T19:49:09Z																				
737	1	-22.713.351.370.766.700	-47.628.612.695.261.800	5.437.628.173.828.120	2025-04-25T19:49:14Z																				
738	1	-22.713.341.061.025.800	-47.628.521.919.250.400	5.437.628.173.828.120	2025-04-25T19:49:19Z																				
739	1	-2.271.340.518.258.510	-47.628.458.384.424.400	54.424.365.234.375	2025-04-25T19:49:24Z																				
740	1	-22.713.492.773.473.200	-47.628.475.232.049.800	54.424.365.234.375	2025-04-25T19:49:29Z																				
741	1	-22.713.535.688.817.500	-47.628.554.441.034.700	54.424.365.234.375	2025-04-25T19:49:34Z																				
742	1	-22.713.499.814.271.900	-47.628.640.104.085.200	54.424.365.234.375	2025-04-25T19:49:39Z																				
743	1	-22.713.412.391.021.800	-47.628.652.090.206.700	5.437.628.173.828.120	2025-04-25T19:49:44Z																				
744	1	-22.713.352.711.871.200	-47.628.601.295.873.500	54.424.365.234.375	2025-04-25T19:49:49Z																				
745	1	-22.713.363.524.526.300	-47.628.507.418.558.000	54.424.365.234.375	2025-04-25T19:49:54Z																				
746	1	-22.713.439.296.931.000	-47.628.456.875.681.800	54.424.365.234.375	2025-04-25T19:49:59Z																				
747	1	-22.713.519.092.649.200	-4.762.848.143.465.810	5.447.242.431.640.620	2025-04-25T19:50:04Z																				
748	1	-2.271.354.247.815.900	-47.628.572.462.126.600	5.447.242.431.640.620	2025-04-25T19:50:09Z																				
749	1	-22.713.487.157.598.100	-47.628.644.797.950.900	54.424.365.234.375	2025-04-25T19:50:14Z																				
750	1	-22.713.400.153.443.200	-47.628.648.402.169.300	54.424.365.234.375	2025-04-25T19:50:19Z																				
751	1	-22.713.342.905.044.500	-47.628.571.623.936.200	5.437.628.173.828.120	2025-04-25T19:50:24Z																				
752	1	-22.713.369.308.039.500	-47.628.491.157.665.800	5.437.628.173.828.120	2025-04-25T19:50:29Z																				
753	1	-22.713.451.450.690.600	-47.628.453.355.282.500	5.437.628.173.828.120	2025-04-25T19:50:34Z																				
754	1	-22.713.527.558.371.400	-47.628.497.779.369.300	54.424.365.234.375	2025-04-25T19:50:39Z																				
755	1	-22.713.541.807.606.800	-47.628.590.147.942.300	5.447.242.431.640.620	2025-04-25T19:50:44Z																				
756	1	-22.713.476.177.304.900	-47.628.646.558.150.600	5.447.242.431.640.620	2025-04-25T19:50:49Z																				
757	1	-22.713.388.418.778.700	-47.628.636.164.590.700	5.447.242.431.640.620	2025-04-25T19:50:54Z																				
758	1	-22.713.342.905.044.500	-47.628.559.889.271.800	5.447.242.431.640.620	2025-04-25T19:50:59Z																				
759	1	-22.713.383.389.636.800	-47.628.483.194.857.800	5.447.242.431.640.620	2025-04-25T19:51:04Z																				
760	1	-22.713.463.352.993.100	-47.628.460.982.814.400	5.447.242.431.640.620	2025-04-25T19:51:09Z																				
761	1	-22.713.528.899.475.900	-47.628.517.812.117.900	545.685.546.875	2025-04-25T19:51:14Z																				
762	1	-22.713.526.887.819.100	-47.628.604.061.901.500	546.166.259.765.625	2025-04-25T19:51:19Z																				
763	1	-22.713.458.994.403.400	-4.762.865.150.347.350	545.204.833.984.375	2025-04-25T19:51:24Z																				
764	1	-22.713.379.366.323.300	-47.628.625.016.659.400	545.204.833.984.375	2025-04-25T19:51:29Z																				
765	1	-22.713.355.226.442.200	-47.628.543.879.836.700	545.204.833.984.375	2025-04-25T19:51:34Z																				
766	1	-22.713.405.434.042.200	-47.628.469.029.441.400	545.204.833.984.375	2025-04-25T19:51:39Z																				
767	1	-22.713.486.570.864.900	-47.628.463.162.109.200	545.685.546.875	2025-04-25T19:51:44Z																				
768	1	-2.271.354.004.740.710	-47.628.537.341.952.300	546.166.259.765.625	2025-04-25T19:51:49Z																				
769	1	-22.713.522.780.686.600	-4.762.862.510.047.850	545.685.546.875	2025-04-25T19:51:54Z																				
770	1	-22.713.445.164.263.200	-47.628.655.610.606.000	545.204.833.984.375	2025-04-25T19:51:59Z																				
771	1	-22.713.370.397.686.900	-47.628.616.886.213.400	545.685.546.875	2025-04-25T19:52:04Z																				
772	1	-22.713.358.914.479.600	-47.628.521.248.698.200	546.166.259.765.625	2025-04-25T19:52:09Z																				
773	1	-22.713.418.761.268.200	-47.628.463.329.747.300	545.685.546.875	2025-04-25T19:52:14Z																				
774	1	-22.713.504.759.594.700	-47.628.472.968.935.900	5.466.468.505.859.370	2025-04-25T19:52:19Z																				
775	1	-22.713.548.680.767.400	-47.628.552.094.101.900	5.466.468.505.859.370	2025-04-25T19:52:24Z																				
776	1	-22.713.515.488.430.800	-47.628.634.991.124.200	546.166.259.765.625	2025-04-25T19:52:29Z																				
777	1	-22.713.425.885.885.900	-47.628.659.969.195.700	546.166.259.765.625	2025-04-25T19:52:34Z																				
778	1	-22.713.349.694.386.100	-47.628.601.128.235.400	546.166.259.765.625	2025-04-25T19:52:39Z																				
779	1	-22.713.354.052.975.700	-47.628.514.040.261.500	546.166.259.765.625	2025-04-25T19:52:44Z																				
780	1	-22.713.426.388.800.100	-47.628.466.682.508.500	546.166.259.765.625	2025-04-25T19:52:49Z																				
781	1	-22.713.507.441.803.800	-476.284.902.356.565	5.466.468.505.859.370	2025-04-25T19:52:54Z																				
782	1	-22.713.540.131.226.100	-47.628.573.048.859.800	54.712.744.140.625	2025-04-25T19:52:59Z																				
783	1	-22.713.491.432.368.700	-47.628.649.827.092.800	5.466.468.505.859.370	2025-04-25T19:53:04Z																				
784	1	-22.713.400.488.719.300	-47.628.659.047.186.300	546.166.259.765.625	2025-04-25T19:53:09Z																				
785	1	-22.713.341.899.216.100	-47.628.588.303.923.600	5.466.468.505.859.370	2025-04-25T19:53:14Z																				
786	1	-22.713.363.273.069.200	-47.628.494.845.703.200	5.466.468.505.859.370	2025-04-25T19:53:19Z																				
787	1	-22.713.445.583.358.400	-47.628.454.947.844.100	546.166.259.765.625	2025-04-25T19:53:24Z																				
788	1	-22.713.519.344.106.300	-47.628.488.559.275.800	5.466.468.505.859.370	2025-04-25T19:53:29Z																				
789	1	-22.713.534.012.436.800	-47.628.584.615.886.200	54.712.744.140.625	2025-04-25T19:53:34Z																				
790	1	-22.713.474.333.286.200	-47.628.652.257.844.800	5.466.468.505.859.370	2025-04-25T19:53:39Z																				
791	1	-22.713.382.048.532.300	-47.628.643.959.760.600	54.712.744.140.625	2025-04-25T19:53:44Z																				
792	1	-22.713.337.205.350.300	-47.628.564.750.775.600	5.466.468.505.859.370	2025-04-25T19:53:49Z																				
793	1	-22.713.376.684.114.300	-47.628.485.625.609.700	5.466.468.505.859.370	2025-04-25T19:53:54Z																				
794	1	-22.713.462.179.526.600	-47.628.460.815.176.300	5.466.468.505.859.370	2025-04-25T19:53:59Z																				
795	1	-22.713.527.474.552.300	-47.628.514.124.080.500	5.466.468.505.859.370	2025-04-25T19:54:04Z																				
796	1	-2.271.353.174.932.300	-47.628.600.457.683.200	5.466.468.505.859.370	2025-04-25T19:54:09Z																				
797	1	-22.713.466.705.754.300	-4.762.865.100.055.930	545.204.833.984.375	2025-04-25T19:54:14Z																				
798	1	-22.713.385.652.750.700	-47.628.632.979.467.500	545.685.546.875	2025-04-25T19:54:19Z																				
799	1	-22.713.354.555.889.900	-47.628.544.298.931.900	545.685.546.875	2025-04-25T19:54:24Z																				
800	1	-22.713.398.979.976.700	-47.628.465.844.318.200	545.204.833.984.375	2025-04-25T19:54:29Z																				
801	1	-22.713.488.414.883.600	-47.628.457.294.777.000	545.685.546.875	2025-04-25T19:54:34Z																				
802	1	-22.713.543.148.711.300	-47.628.522.673.621.700	5.466.468.505.859.370	2025-04-25T19:54:39Z																				
803	1	-22.713.525.798.171.700	-47.628.609.761.595.700	5.466.468.505.859.370	2025-04-25T19:54:44Z																				
804	1	-22.713.444.074.615.800	-47.628.653.682.768.300	546.166.259.765.625	2025-04-25T19:54:49Z																				
805	1	-22.713.365.703.821.100	-4.762.862.510.047.850	546.166.259.765.625	2025-04-25T19:54:54Z																				
806	1	-22.713.346.593.081.900	-47.628.533.402.457.800	546.166.259.765.625	2025-04-25T19:54:59Z																				
807	1	-22.713.408.535.346.300	-47.628.463.665.023.400	546.166.259.765.625	2025-04-25T19:55:04Z																				
808	1	-22.713.496.293.872.500	-47.628.467.017.784.700	5.466.468.505.859.370	2025-04-25T19:55:09Z																				
809	1	-22.713.541.388.511.600	-47.628.538.347.780.700	54.712.744.140.625	2025-04-25T19:55:14Z																				
810	1	-22.713.513.979.688.200	-47.628.625.854.849.800	547.608.154.296.875	2025-04-25T19:55:19Z																				
811	1	-22.713.427.478.447.500	-47.628.648.821.264.500	5.466.468.505.859.370	2025-04-25T19:55:24Z																				
812	1	-22.713.354.388.251.900	-47.628.600.876.778.300	546.166.259.765.625	2025-04-25T19:55:29Z																				
813	1	-2.271.335.388.533.770	-47.628.513.788.804.400	546.166.259.765.625	2025-04-25T19:55:34Z																				
814	1	-22.713.425.885.885.900	-47.628.455.199.301.200	5.466.468.505.859.370	2025-04-25T19:55:39Z																				
815	1	-22.713.506.771.251.500	-47.628.472.801.297.900	5.466.468.505.859.370	2025-04-25T19:55:44Z																				
816	1	-22.713.541.807.606.800	-47.628.560.140.728.900	54.712.744.140.625	2025-04-25T19:55:49Z																				
817	1	-22.713.494.952.768.000	-47.628.639.601.171.000	5.466.468.505.859.370	2025-04-25T19:55:54Z																				
818	1	-22.713.406.691.327.600	-47.628.654.772.415.700	5.466.468.505.859.370	2025-04-25T19:55:59Z																				
819	1	-22.713.343.156.501.600	-47.628.590.986.132.600	5.466.468.505.859.370	2025-04-25T19:56:04Z																				
820	1	-22.713.363.356.888.200	-47.628.497.108.817.100	5.466.468.505.859.370	2025-04-25T19:56:09Z																				
821	1	-22.713.444.074.615.800	-47.628.453.187.644.400	5.466.468.505.859.370	2025-04-25T19:56:14Z																				
822	1	-22.713.519.176.468.200	-47.628.484.452.143.300	54.712.744.140.625	2025-04-25T19:56:19Z																				
823	1	-22.713.541.304.692.600	-47.628.577.491.268.500	54.712.744.140.625	2025-04-25T19:56:24Z																				
824	1	-22.713.485.984.131.600	-47.628.647.228.702.900	54.712.744.140.625	2025-04-25T19:56:29Z																				
825	1	-2.271.339.395.083.480	-47.628.637.421.876.100	54.712.744.140.625	2025-04-25T19:56:34Z																				
826	1	-22.713.344.162.330.000	-47.628.561.649.471.500	5.466.468.505.859.370	2025-04-25T19:56:39Z																				
827	1	-22.713.371.990.248.500	-47.628.477.076.068.500	54.712.744.140.625	2025-04-25T19:56:44Z																				
828	1	-22.713.456.647.470.500	-47.628.449.164.330.900	54.712.744.140.625	2025-04-25T19:56:49Z																				
829	1	-22.713.526.552.543.000	-4.762.849.903.665.480	547.608.154.296.875	2025-04-25T19:56:54Z																				
830	1	-22.713.534.431.532.000	-4.762.859.576.381.740	5.485.693.359.375	2025-04-25T19:56:59Z																				
831	1	-2.271.346.720.866.850	-4.762.865.443.713.960	5.480.888.671.875	2025-04-25T19:57:04Z																				
832	1	-22.713.384.227.827.100	-47.628.638.930.618.700	5.480.888.671.875	2025-04-25T19:57:09Z																				
833	1	-22.713.345.922.529.600	-47.628.552.597.016.000	54.712.744.140.625	2025-04-25T19:57:14Z																				
834	1	-22.713.389.005.511.900	-4.762.847.556.732.590	5.466.468.505.859.370	2025-04-25T19:57:19Z																				
835	1	-22.713.477.266.952.300	-47.628.459.809.347.900	5.466.468.505.859.370	2025-04-25T19:57:24Z																				
836	1	-22.713.539.963.588.100	-47.628.527.954.220.700	5.466.468.505.859.370	2025-04-25T19:57:29Z																				
837	1	-2.271.353.711.374.100	-47.628.620.741.888.800	546.166.259.765.625	2025-04-25T19:57:34Z																				
838	1	-22.713.465.029.373.700	-47.628.659.466.281.500	546.166.259.765.625	2025-04-25T19:57:39Z																				
839	1	-22.713.380.623.608.800	-47.628.625.351.935.600	5.466.468.505.859.370	2025-04-25T19:57:44Z																				
840	1	-22.713.353.130.966.400	-47.628.535.497.933.600	5.466.468.505.859.370	2025-04-25T19:57:49Z																				
841	1	-22.713.405.936.956.400	-47.628.466.179.594.300	5.466.468.505.859.370	2025-04-25T19:57:54Z																				
842	1	-22.713.487.409.055.200	-47.628.462.156.280.800	54.712.744.140.625	2025-04-25T19:57:59Z																				
843	1	-22.713.545.495.644.200	-47.628.541.113.808.700	547.608.154.296.875	2025-04-25T19:58:04Z																				
844	1	-22.713.540.550.321.300	-47.628.604.061.901.500	547.608.154.296.875	2025-04-25T19:58:09Z																				
845	1	-22.713.515.488.430.800	-47.628.635.074.943.300	54.712.744.140.625	2025-04-25T19:58:14Z																				
846	1	-22.713.481.541.723.000	-47.628.645.971.417.400	5.466.468.505.859.370	2025-04-25T19:58:19Z																				
847	1	-22.713.449.522.852.800	-47.628.650.832.921.200	546.166.259.765.625	2025-04-25T19:58:24Z																				
848	1	-2.271.342.714.317.140	-47.628.653.598.949.300	546.166.259.765.625	2025-04-25T19:58:29Z																				
849	1	-22.713.422.616.943.700	-4.762.865.343.131.120	545.685.546.875	2025-04-25T19:58:34Z																				
850	1	-22.713.422.449.305.600	-47.628.653.850.406.400	545.685.546.875	2025-04-25T19:58:39Z																				
851	1	-22.713.422.449.305.600	-4.762.865.393.422.540	545.685.546.875	2025-04-25T19:58:44Z																				
852	1	-22.713.422.365.486.600	-47.628.654.018.044.400	545.685.546.875	2025-04-25T19:58:49Z																				
853	1	-22.713.422.365.486.600	-47.628.654.101.863.500	545.685.546.875	2025-04-25T19:58:54Z																				
854	1	-22.713.422.197.848.500	-47.628.654.018.044.400	545.685.546.875	2025-04-25T19:58:59Z																				
855	1	-22.713.422.197.848.500	-47.628.654.018.044.400	545.685.546.875	2025-04-25T19:59:04Z																				
856	1	-22.713.422.114.029.500	-47.628.654.185.682.500	545.685.546.875	2025-04-25T19:59:09Z																				
857	1	-22.713.422.030.210.400	-47.628.654.185.682.500	545.685.546.875	2025-04-25T19:59:14Z																				
858	1	-22.713.421.862.572.400	-47.628.654.101.863.500	545.685.546.875	2025-04-25T19:59:19Z																				
859	1	-227.134.217.787.534	-47.628.654.269.501.500	545.685.546.875	2025-04-25T19:59:24Z																				
859,1,-22.7134217787534,-47.628654269501567,545.685546875,2025-04-25T19:59:24Z,,,,,,,,,,,,,,,,,,,,,																									